2025-06-15 22:13:00,120563719.779253,-209570.303176192,54885.537163125,12269,5727191.16140509,1146522.41,-3.26728616398353,5030.98,21631.038
2025-06-15 22:14:00,120558344.732624,-209564.693236316,0,0,0,0,0,0,21631.038
2025-06-15 22:15:00,120562731.418253,-209611.403687325,0,0,0,0,0,0,21631.038
2025-06-15 22:16:00,120548817.685274,-209577.346248779,0,0,0,0,0,0,21631.038
2025-06-15 22:17:00,120552128.864599,-209526.833364724,0,0,0,0,0,0,21631.038
2025-06-15 22:18:00,120556601.93088,-209591.596683143,0,0,0,0,0,0,21631.038
2025-06-15 22:19:00,120531069.988296,-209532.115354709,0,0,0,0,0,0,21631.038
2025-06-15 22:20:00,120542939.195473,-209475.952559401,0,0,0,0,0,0,21631.038
2025-06-15 22:21:00,120547387.174419,-209580.168196918,0,0,0,0,0,0,21631.038
2025-06-15 22:22:00,120551054.519262,-209519.219413566,0,0,0,0,0,0,21631.038
2025-06-15 22:23:00,120555372.717858,-209612.914409277,0,0,0,0,0,0,21631.038
2025-06-15 22:24:00,120530049.729233,-209563.269970211,0,0,0,0,0,0,21631.038
2025-06-15 22:25:00,120531986.629032,-209496.126216885,0,0,0,0,0,0,21631.038
2025-06-15 22:26:00,120536453.193683,-209601.312502857,0,0,0,0,0,0,21631.038
2025-06-15 22:27:00,120540995.647303,-209605.853729229,0,0,0,0,0,0,21631.038
2025-06-15 22:28:00,120524140.326547,-209489.962571058,0,0,0,0,0,0,21631.038
2025-06-15 22:29:00,120528704.672465,-209470.657068948,0,0,0,0,0,0,21631.038
2025-06-15 22:30:00,120536636.536445,-209340.855905746,0,0,0,0,0,0,21631.038
2025-06-15 22:31:00,120516533.215289,-209303.387781437,0,0,0,0,0,0,21631.038
2025-06-15 22:32:00,120520973.084098,-209257.861594556,0,0,0,0,0,0,21631.038
2025-06-15 22:33:00,120522998.262882,-209292.300197858,0,0,0,0,0,0,21631.038
2025-06-15 22:34:00,120533616.897596,-209152.661275357,0,0,0,0,0,0,21631.038
2025-06-15 22:35:00,120537987.418875,-209256.547811168,0,0,0,0,0,0,21631.038
2025-06-15 22:36:00,120521872.733871,-209168.979133807,0,0,0,0,0,0,21631.038
2025-06-15 22:37:00,120526240.016107,-209288.911950985,0,0,0,0,0,0,21631.038
2025-06-15 22:38:00,120515496.225243,-209282.015496774,0,0,0,0,0,0,21631.038
2025-06-15 22:39:00,120523604.41615,-209173.352633717,0,0,0,0,0,0,21631.038
2025-06-15 22:40:00,120528027.321445,-209207.57696669,0,0,0,0,0,0,21631.038
2025-06-15 22:41:00,120516869.592213,-209146.578078786,0,0,0,0,0,0,21631.038
2025-06-15 22:42:00,120522331.449756,-209132.908519158,0,0,0,0,0,0,21631.038
2025-06-15 22:43:00,120526840.431015,-209232.790963136,0,0,0,0,0,0,21631.038
2025-06-15 22:44:00,120501551.151412,-209163.791175898,0,0,0,0,0,0,21631.038
2025-06-15 22:45:00,120504704.412406,-209097.947773423,0,0,0,0,0,0,21631.038
2025-06-15 22:46:00,120509133.293704,-209220.161999528,0,0,0,0,0,0,21631.038
2025-06-15 22:47:00,120520689.755678,-209192.484400716,0,0,0,0,0,0,21631.038
2025-06-15 22:48:00,120525044.829549,-209194.405210745,0,0,0,0,0,0,21631.038
2025-06-15 22:49:00,120501176.612817,-209206.918996855,0,0,0,0,0,0,21631.038
2025-06-15 22:50:00,120506150.068792,-209184.001563443,0,0,0,0,0,0,21631.038
2025-06-15 22:51:00,120510640.893781,-209260.685634373,0,0,0,0,0,0,21631.038
2025-06-15 22:52:00,120524296.628346,-209309.731565794,0,0,0,0,0,0,21631.038
2025-06-15 22:53:00,120500626.494344,-209250.716933037,0,0,0,0,0,0,21631.038
2025-06-15 22:54:00,120505057.326006,-209342.316177175,0,0,0,0,0,0,21631.038
2025-06-15 22:55:00,120516298.091815,-209300.50244496,0,0,0,0,0,0,21631.038
2025-06-15 22:56:00,120480185.713909,-209273.753827107,0,0,0,0,0,0,21631.038
2025-06-15 22:57:00,120484608.512845,-209365.469520154,0,0,0,0,0,0,21631.038
2025-06-15 22:58:00,120501365.697971,-209281.629240071,0,0,0,0,0,0,21631.038
2025-06-15 22:59:00,120508997.669421,-209305.255989236,0,0,0,0,0,0,21631.038
2025-06-15 23:00:00,120508701.620368,-209290.006335302,0,0,0,0,0,0,21631.038
2025-06-15 23:01:00,120485125.566346,-209274.357638378,0,0,0,0,0,0,21631.038
2025-06-15 23:02:00,120489463.772419,-209380.639581315,0,0,0,0,0,0,21631.038
2025-06-15 23:03:00,120493308.204806,-209366.671340126,0,0,0,0,0,0,21631.038
2025-06-15 23:04:00,120497391.140219,-209308.651028183,0,0,0,0,0,0,21631.038
2025-06-15 23:05:00,120501787.352921,-209440.415105748,0,0,0,0,0,0,21631.038
2025-06-15 23:06:00,120489724.027446,-209391.685261854,0,0,0,0,0,0,21631.038
2025-06-15 23:07:00,120487176.112763,-209330.286046543,0,0,0,0,0,0,21631.038
2025-06-15 23:08:00,120491700.402391,-209433.58090025,0,0,0,0,0,0,21631.038
2025-06-15 23:09:00,120463742.137695,-209355.041202472,0,0,0,0,0,0,21631.038
2025-06-15 23:10:00,120480133.716937,-209373.033409115,0,0,0,0,0,0,21631.038
2025-06-15 23:11:00,120487853.212309,-209419.332434956,0,0,0,0,0,0,21631.038
2025-06-15 23:12:00,120493567.870802,-209391.766713727,0,0,0,0,0,0,21631.038
2025-06-15 23:13:00,120464576.05762,-209344.898713932,0,0,0,0,0,0,21631.038
2025-06-15 23:14:00,120468942.160283,-209445.363009139,0,0,0,0,0,0,21631.038
2025-06-15 23:15:00,120480704.220971,-209275.232238696,0,0,0,0,0,0,21631.038
2025-06-15 23:16:00,120485172.548356,-209346.494711255,0,0,0,0,0,0,21631.038
2025-06-15 23:18:00,120491919.522137,-209302.722533868,0,0,0,0,0,0,21631.038
2025-06-15 23:19:00,120466167.859889,-209187.94977793,0,0,0,0,0,0,21631.038
2025-06-15 23:20:00,120470692.775873,-209387.77509856,0,0,0,0,0,0,21631.038
2025-06-15 23:21:00,120474819.217796,-209380.635640387,0,0,0,0,0,0,21631.038
2025-06-15 23:22:00,120464114.144154,-209329.766751352,0,0,0,0,0,0,21631.038
2025-06-15 23:23:00,120468426.279784,-209437.850855405,0,0,0,0,0,0,21631.038
2025-06-15 23:24:00,120471415.310681,-209182.54434794,0,0,0,0,0,0,21631.038
2025-06-15 23:25:00,120475836.289356,-209122.385408852,0,0,0,0,0,0,21631.038
2025-06-15 23:26:00,120480142.763204,-209301.985489005,0,0,0,0,0,0,21631.038
2025-06-15 23:27:00,120457671.938412,-209220.361716993,0,0,0,0,0,0,21631.038
2025-06-15 23:28:00,120461993.370369,-209321.318665754,0,0,0,0,0,0,21631.038
2025-06-15 23:29:00,120466565.391132,-209254.192617288,0,0,0,0,0,0,21631.038
2025-06-15 23:30:00,120470403.267954,-209169.319839633,0,0,0,0,0,0,21631.038
2025-06-15 23:31:00,120474745.438803,-209207.651910102,0,0,0,0,0,0,21631.038
2025-06-15 23:32:00,120451079.394234,-209234.135368252,0,0,0,0,0,0,21631.038
2025-06-15 23:33:00,120454299.136055,-209104.565238787,0,0,0,0,0,0,21631.038
2025-06-15 23:34:00,120458591.418778,-209197.586546742,0,0,0,0,0,0,21631.038
2025-06-15 23:35:00,120449497.583643,-208931.619152073,0,0,0,0,0,0,21631.038
2025-06-15 23:36:00,120453724.854334,-209070.853988618,0,0,0,0,0,0,21631.038
2025-06-15 23:37:00,120460980.329104,-209017.127371429,0,0,0,0,0,0,21631.038
2025-06-15 23:38:00,120452548.966559,-209030.318440569,0,0,0,0,0,0,21631.038
2025-06-15 23:39:00,120456840.385179,-209100.141274553,0,0,0,0,0,0,21631.038
2025-06-15 23:40:00,120447437.436423,-209022.299129156,0,0,0,0,0,0,21631.038
2025-06-15 23:41:00,120446955.656806,-208979.396125637,0,0,0,0,0,0,21631.038
2025-06-15 23:42:00,120451241.499755,-209096.950000695,0,0,0,0,0,0,21631.038
2025-06-15 23:43:00,120457901.949806,-209031.939259012,0,0,0,0,0,0,21631.038
2025-06-15 23:44:00,120434890.130202,-208893.582839167,0,0,0,0,0,0,21631.038
2025-06-15 23:45:00,120439171.246948,-208995.551176663,0,0,0,0,0,0,21631.038
2025-06-15 23:46:00,120440959.028407,-208920.770665653,0,0,0,0,0,0,21631.038
2025-06-15 23:47:00,120445198.414784,-209006.181963897,0,0,0,0,0,0,21631.038
2025-06-15 23:48:00,120431891.713713,-208950.055865545,0,0,0,0,0,0,21631.038
2025-06-15 23:49:00,120442141.965984,-208843.490794394,0,0,0,0,0,0,21631.038
2025-06-15 23:50:00,120446437.51845,-209025.653619968,0,0,0,0,0,0,21631.038
2025-06-15 23:51:00,120439674.560684,-208983.871994962,0,0,0,0,0,0,21631.038
2025-06-15 23:52:00,120427315.293572,-208912.527984707,0,0,0,0,0,0,21631.038
2025-06-15 23:53:00,120431586.555754,-209015.258457609,0,0,0,0,0,0,21631.038
2025-06-15 23:54:00,120440855.01179,-208958.274039424,0,0,0,0,0,0,21631.038
2025-06-15 23:55:00,120435861.809638,-208901.70047442,0,0,0,0,0,0,21631.038
2025-06-15 23:56:00,120440192.80504,-209045.902397108,0,0,0,0,0,0,21631.038
2025-06-15 23:57:00,120427109.548801,-209011.361621819,0,0,0,0,0,0,21631.038
2025-06-15 23:58:00,120431370.667331,-209130.457777963,0,0,0,0,0,0,21631.038
2025-06-15 23:59:00,120437890.603118,-209067.957138443,0,0,0,0,0,0,21631.038
2025-06-16 00:00:00,120414918.919434,-209018.277531494,0,0,0,0,0,0,21631.038
2025-06-16 00:01:00,120419104.389878,-209183.497527337,0,0,0,0,0,0,21631.038
2025-06-16 00:02:00,120421144.667718,-209097.821271255,0,0,0,0,0,0,21631.038
2025-06-16 00:03:00,120436397.537137,-209060.771022766,0,0,0,0,0,0,21631.038
2025-06-16 00:04:00,120440652.918805,-209172.573128514,0,0,0,0,0,0,21631.038
2025-06-16 00:05:00,120416589.089548,-209145.057865864,0,0,0,0,0,0,21631.038
2025-06-16 00:06:00,120420844.085859,-209170.032431109,0,0,0,0,0,0,21631.038
2025-06-16 00:07:00,120426804.826297,-209181.989406531,0,0,0,0,0,0,21631.038
2025-06-16 00:08:00,120405385.667931,-209146.577075546,0,0,0,0,0,0,21631.038
2025-06-16 00:09:00,120409614.569614,-209274.349060677,0,0,0,0,0,0,21631.038
2025-06-16 00:10:00,120414388.892036,-209220.328134514,0,0,0,0,0,0,21631.038
2025-06-16 00:11:00,120421149.234793,-209157.100577374,0,0,0,0,0,0,21631.038
2025-06-16 00:12:00,120425386.294595,-209269.575064361,0,0,0,0,0,0,21631.038
2025-06-16 00:13:00,120404953.021284,-209215.261884185,0,0,0,0,0,0,21631.038
2025-06-16 00:14:00,120405913.290305,-209191.163224477,0,0,0,0,0,0,21631.038
2025-06-16 00:15:00,120410149.993259,-209280.295252127,0,0,0,0,0,0,21631.038
2025-06-16 00:16:00,120422988.846611,-209241.564190245,0,0,0,0,0,0,21631.038
2025-06-16 00:17:00,120427223.223776,-209410.249577805,0,0,0,0,0,0,21631.038
2025-06-16 00:18:00,120406845.162447,-209465.159301752,0,0,0,0,0,0,21631.038
2025-06-16 00:19:00,120409766.95965,-209440.828684136,0,0,0,0,0,0,21631.038
2025-06-16 00:20:00,120414054.699579,-209532.055115446,0,0,0,0,0,0,21631.038
2025-06-16 00:21:00,120395706.148223,-209476.165446807,0,0,0,0,0,0,21631.038
2025-06-16 00:22:00,120396698.147231,-209455.09810844,0,0,0,0,0,0,21631.038
2025-06-16 00:23:00,120400923.586976,-209545.173198866,0,0,0,0,0,0,21631.038
2025-06-16 00:24:00,120407546.752119,-209557.436757387,0,0,0,0,0,0,21631.038
2025-06-16 00:25:00,120381586.940947,-209577.441704845,0,0,0,0,0,0,21631.038
2025-06-16 00:26:00,120385806.745643,-209771.043393296,0,0,0,0,0,0,21631.038
2025-06-16 00:27:00,120395053.783008,-209662.074478968,0,0,0,0,0,0,21631.038
2025-06-16 00:28:00,120399269.02904,-209800.402055593,0,0,0,0,0,0,21631.038
2025-06-16 00:29:00,120407289.268278,-209788.357749229,0,0,0,0,0,0,21631.038
2025-06-16 00:30:00,120387408.363048,-209750.449810301,0,0,0,0,0,0,21631.038
2025-06-16 00:31:00,120391619.563717,-209968.526838918,0,0,0,0,0,0,21631.038
2025-06-16 00:32:00,120389934.066781,-209873.447508687,0,0,0,0,0,0,21631.038
2025-06-16 00:33:00,120374663.744218,-209637.234279038,0,0,0,0,0,0,21631.038
2025-06-16 00:34:00,120378881.172708,-209736.748462648,0,0,0,0,0,0,21631.038
2025-06-16 00:35:00,120390239.761395,-209765.824591731,0,0,0,0,0,0,21631.038
2025-06-16 00:36:00,120394442.499073,-210039.980723211,0,0,0,0,0,0,21631.038
2025-06-16 00:37:00,120397866.426286,-209933.394274138,0,0,0,0,0,0,21631.038
2025-06-16 00:38:00,120370988.988564,-209895.954531808,0,0,0,0,0,0,21631.038
2025-06-16 00:39:00,120375191.054661,-209980.022688354,0,0,0,0,0,0,21631.038
2025-06-16 00:40:00,120385577.525334,-209919.544286763,0,0,0,0,0,0,21631.038
2025-06-16 00:41:00,120370042.814697,-209918.270824346,0,0,0,0,0,0,21631.038
2025-06-16 00:42:00,120374237.541631,-209954.996071956,0,0,0,0,0,0,21631.038
2025-06-16 00:43:00,120375451.699733,-209834.797762209,0,0,0,0,0,0,21631.038
2025-06-16 00:44:00,120379641.381043,-209800.246776049,0,0,0,0,0,0,21631.038
2025-06-16 00:45:00,120384358.613997,-209794.754319159,0,0,0,0,0,0,21631.038
2025-06-16 00:46:00,120366606.849246,-209517.603976716,0,0,0,0,0,0,21631.038
2025-06-16 00:47:00,120370791.968432,-209546.795549246,0,0,0,0,0,0,21631.038
2025-06-16 00:48:00,120384769.494759,-209564.194449697,0,0,0,0,0,0,21631.038
2025-06-16 00:49:00,120374861.894048,-209629.946817869,0,0,0,0,0,0,21631.038
2025-06-16 00:50:00,120378941.264395,-209720.285353641,0,0,0,0,0,0,21631.038
2025-06-16 00:51:00,120370516.636499,-209588.991205879,0,0,0,0,0,0,21631.038
2025-06-16 00:52:00,120374104.535808,-209509.211363882,0,0,0,0,0,0,21631.038
2025-06-16 00:53:00,120374220.485823,-209558.209524958,0,0,0,0,0,0,21631.038
2025-06-16 00:54:00,120357237.759011,-209601.885084757,0,0,0,0,0,0,21631.038
2025-06-16 00:55:00,120361410.919326,-209703.340197422,0,0,0,0,0,0,21631.038
2025-06-16 00:56:00,120373580.714416,-209614.191373858,0,0,0,0,0,0,21631.038
2025-06-16 00:57:00,120376559.503371,-209633.025651046,0,0,0,0,0,0,21631.038
2025-06-16 00:58:00,120380727.35784,-209671.337003212,0,0,0,0,0,0,21631.038
2025-06-16 00:59:00,120356727.893582,-209512.1819131,0,0,0,0,0,0,21631.038
2025-06-16 01:00:00,120360891.502802,-209693.460209357,0,0,0,0,0,0,21631.038
2025-06-16 01:01:00,120365856.446713,-209620.49288297,0,0,0,0,0,0,21631.038
2025-06-16 01:02:00,120345884.760913,-209583.644749409,0,0,0,0,0,0,21631.038
2025-06-16 01:03:00,120350044.067806,-209630.444685438,0,0,0,0,0,0,21631.038
2025-06-16 01:04:00,120355932.424635,-209496.589285002,0,0,0,0,0,0,21631.038
2025-06-16 01:05:00,120364559.075708,-209333.884129937,0,0,0,0,0,0,21631.038
2025-06-16 01:06:00,120368713.14122,-209595.005925067,0,0,0,0,0,0,21631.038
2025-06-16 01:07:00,120337453.294109,-209597.810754873,0,0,0,0,0,0,21631.038
2025-06-16 01:08:00,120341601.318318,-209740.348413222,0,0,0,0,0,0,21631.038
2025-06-16 01:09:00,120351232.508273,-209778.211712565,0,0,0,0,0,0,21631.038
2025-06-16 01:10:00,120335143.914569,-209797.902524187,0,0,0,0,0,0,21631.038
2025-06-16 01:11:00,120339288.234719,-209845.669989111,0,0,0,0,0,0,21631.038
2025-06-16 01:12:00,120345067.376702,-209776.799816727,0,0,0,0,0,0,21631.038
2025-06-16 01:13:00,120348405.64096,-209753.466471429,0,0,0,0,0,0,21631.038
2025-06-16 01:14:00,120352545.861905,-209976.166118837,0,0,0,0,0,0,21631.038
2025-06-16 01:15:00,120332566.596027,-209737.952178044,0,0,0,0,0,0,21631.038
2025-06-16 01:16:00,120341379.156796,-209746.775327393,0,0,0,0,0,0,21631.038
2025-06-16 01:17:00,120345513.948906,-209850.765813289,0,0,0,0,0,0,21631.038
2025-06-16 01:18:00,120346791.024161,-209884.677732411,0,0,0,0,0,0,21631.038
2025-06-16 01:19:00,120350920.582285,-209957.201279577,0,0,0,0,0,0,21631.038
2025-06-16 01:20:00,120331911.905801,-209831.621940375,0,0,0,0,0,0,21631.038
2025-06-16 01:21:00,120341124.272554,-209924.589955781,0,0,0,0,0,0,21631.038
2025-06-16 01:22:00,120345173.169076,-210003.315728158,0,0,0,0,0,0,21631.038
2025-06-16 01:23:00,120323320.052397,-209908.521136101,0,0,0,0,0,0,21631.038
2025-06-16 01:24:00,120326645.391379,-209857.737925804,0,0,0,0,0,0,21631.038
2025-06-16 01:25:00,120330764.489137,-210121.462328581,0,0,0,0,0,0,21631.038
2025-06-16 01:26:00,120331521.856009,-209885.608251237,0,0,0,0,0,0,21631.038
2025-06-16 01:27:00,120335637.529102,-209990.794775318,0,0,0,0,0,0,21631.038
2025-06-16 01:28:00,120329442.612047,-209946.965754102,0,0,0,0,0,0,21631.038
2025-06-16 01:29:00,120332109.671838,-209809.633545971,0,0,0,0,0,0,21631.038
2025-06-16 01:30:00,120336220.049729,-210018.367433537,0,0,0,0,0,0,21631.038
2025-06-16 01:31:00,120314677.870332,-209889.021986683,0,0,0,0,0,0,21631.038
2025-06-16 01:32:00,120319991.123853,-209765.976526694,0,0,0,0,0,0,21631.038
2025-06-16 01:33:00,120324096.083986,-209816.280016982,0,0,0,0,0,0,21631.038
2025-06-16 01:34:00,120329884.56069,-209696.06480124,0,0,0,0,0,0,21631.038
2025-06-16 01:35:00,120333986.534302,-209921.131763923,0,0,0,0,0,0,21631.038
2025-06-16 01:36:00,120315877.497495,-209941.681344845,0,0,0,0,0,0,21631.038
2025-06-16 01:37:00,120326732.106141,-209859.080900875,0,0,0,0,0,0,21631.038
2025-06-16 01:38:00,120330825.96592,-209989.378807507,0,0,0,0,0,0,21631.038
2025-06-16 01:39:00,120313471.317016,-209905.993534782,0,0,0,0,0,0,21631.038
2025-06-16 01:40:00,120318563.972922,-209846.36299932,0,0,0,0,0,0,21631.038
2025-06-16 01:41:00,120322653.875378,-210000.814830364,0,0,0,0,0,0,21631.038
2025-06-16 01:42:00,120319542.229651,-209965.421924553,0,0,0,0,0,0,21631.038
2025-06-16 01:43:00,120304302.273017,-209769.868372247,0,0,0,0,0,0,21631.038
2025-06-16 01:44:00,120308387.91808,-209853.27008043,0,0,0,0,0,0,21631.038
2025-06-16 01:45:00,120312218.731487,-209871.419097743,0,0,0,0,0,0,21631.038
2025-06-16 01:46:00,120316298.459712,-209970.994568901,0,0,0,0,0,0,21631.038
2025-06-16 01:47:00,120300971.182181,-209915.035273585,0,0,0,0,0,0,21631.038
2025-06-16 01:48:00,120304168.32739,-209799.677761567,0,0,0,0,0,0,21631.038
2025-06-16 01:49:00,120308242.656638,-209907.47736226,0,0,0,0,0,0,21631.038
2025-06-16 01:50:00,120314289.320393,-209835.525110166,0,0,0,0,0,0,21631.038
2025-06-16 01:51:00,120290717.16006,-209738.612732887,0,0,0,0,0,0,21631.038
2025-06-16 01:52:00,120294786.764975,-209926.098598813,0,0,0,0,0,0,21631.038
2025-06-16 01:53:00,120305154.752247,-209928.636573202,0,0,0,0,0,0,21631.038
2025-06-16 01:54:00,120309219.142649,-210092.667199045,0,0,0,0,0,0,21631.038
2025-06-16 01:55:00,120310312.60393,-210027.488324793,0,0,0,0,0,0,21631.038
2025-06-16 01:56:00,120288539.53738,-209893.370448075,0,0,0,0,0,0,21631.038
2025-06-16 01:57:00,120292598.240993,-210026.022747564,0,0,0,0,0,0,21631.038
2025-06-16 01:58:00,120300200.733898,-209937.491953197,0,0,0,0,0,0,21631.038
2025-06-16 01:59:00,120286515.843441,-209814.991623177,0,0,0,0,0,0,21631.038
2025-06-16 02:00:00,120285597.100262,-93.2644292565765,5334.53656933769,2040,646954.3605905,151011.81,-0.648215536245246,642.92,21631.038
2025-06-16 02:01:00,120292051.489164,0,0,0,0,0,0,0,21631.038
2025-06-16 02:02:00,120301231.395224,0,0,0,0,0,0,0,21631.038
2025-06-16 02:03:00,120278611.728513,0,0,0,0,0,0,0,21631.038
2025-06-16 02:04:00,120282461.41982,0,0,0,0,0,0,0,21631.038
2025-06-16 02:05:00,120285948.142717,0,0,0,0,0,0,0,21631.038
2025-06-16 02:06:00,120289991.774609,0,0,0,0,0,0,0,21631.038
2025-06-16 02:07:00,120299765.100515,0,0,0,0,0,0,0,21631.038
2025-06-16 02:08:00,120282341.684069,0,0,0,0,0,0,0,21631.038
2025-06-16 02:09:00,120281991.491046,0,0,0,0,0,0,0,21631.038
2025-06-16 02:10:00,120293187.520335,0,0,0,0,0,0,0,21631.038
2025-06-16 02:11:00,120297218.660973,0,0,0,0,0,0,0,21631.038
2025-06-16 02:12:00,120272698.044151,0,0,0,0,0,0,0,21631.038
2025-06-16 02:13:00,120282953.940049,0,0,0,0,0,0,0,21631.038
2025-06-16 02:14:00,120285321.556923,0,0,0,0,0,0,0,21631.038
2025-06-16 02:15:00,120267603.065733,0,0,0,0,0,0,0,21631.038
2025-06-16 02:16:00,120267501.389273,0,0,0,0,0,0,0,21631.038
2025-06-16 02:17:00,120271519.100869,0,0,0,0,0,0,0,21631.038
2025-06-16 02:18:00,120276311.571995,0,0,0,0,0,0,0,21631.038
2025-06-16 02:19:00,120286392.75649,0,0,0,0,0,0,0,21631.038
2025-06-16 02:20:00,120272182.208286,0,0,0,0,0,0,0,21631.038
2025-06-16 02:21:00,120271557.955897,0,0,0,0,0,0,0,21631.038
2025-06-16 02:22:00,120269697.958782,0,0,0,0,0,0,0,21631.038
2025-06-16 02:23:00,120273704.270386,0,0,0,0,0,0,0,21631.038
2025-06-16 02:24:00,120256483.726082,0,0,0,0,0,0,0,21631.038
2025-06-16 02:25:00,120263841.090944,0,0,0,0,0,0,0,21631.038
2025-06-16 02:26:00,120274862.671582,0,0,0,0,0,0,0,21631.038
2025-06-16 02:27:00,120250546.626938,0,0,0,0,0,0,0,21631.038
2025-06-16 02:28:00,120257779.303737,0,0,0,0,0,0,0,21631.038
2025-06-16 02:29:00,120261770.059366,0,0,0,0,0,0,0,21631.038
2025-06-16 02:30:00,120267655.648268,0,0,0,0,0,0,0,21631.038
2025-06-16 02:31:00,120263061.49933,0,0,0,0,0,0,0,21631.038
2025-06-16 02:32:00,120254875.223284,0,0,0,0,0,0,0,21631.038
2025-06-16 02:33:00,120260707.324427,0,0,0,0,0,0,0,21631.038
2025-06-16 02:34:00,120264480.467608,0,0,0,0,0,0,0,21631.038
2025-06-16 02:35:00,120268458.970448,0,0,0,0,0,0,0,21631.038
2025-06-16 02:36:00,120248662.743245,0,0,0,0,0,0,0,21631.038
2025-06-16 02:37:00,120255337.208505,0,0,0,0,0,0,0,21631.038
2025-06-16 02:38:00,120259329.332675,0,0,0,0,0,0,0,21631.038
2025-06-16 02:39:00,120248382.684827,0,0,0,0,0,0,0,21631.038
2025-06-16 02:40:00,120252351.415971,0,0,0,0,0,0,0,21631.038
2025-06-16 02:41:00,120246880.974158,0,0,0,0,0,0,0,21631.038
2025-06-16 02:42:00,120258096.588389,0,0,0,0,0,0,0,21631.038
2025-06-16 02:43:00,120262728.724354,0,0,0,0,0,0,0,21631.038
2025-06-16 02:44:00,120236577.914688,0,0,0,0,0,0,0,21631.038
2025-06-16 02:45:00,120246227.749726,0,0,0,0,0,0,0,21631.038
2025-06-16 02:46:00,120250235.96621,0,0,0,0,0,0,0,21631.038
2025-06-16 02:47:00,120259175.937754,0,0,0,0,0,0,0,21631.038
2025-06-16 02:48:00,120242076.033017,0,0,0,0,0,0,0,21631.038
2025-06-16 02:49:00,120237607.803173,0,0,0,0,0,0,0,21631.038
2025-06-16 02:50:00,120247554.796543,0,0,0,0,0,0,0,21631.038
2025-06-16 02:51:00,120233192.961362,0,0,0,0,0,0,0,21631.038
2025-06-16 02:52:00,120237135.833522,0,0,0,0,0,0,0,21631.038
2025-06-16 02:53:00,120237851.671758,0,0,0,0,0,0,0,21631.038
2025-06-16 02:54:00,120245108.715465,0,0,0,0,0,0,0,21631.038
2025-06-16 02:55:00,120220865.508599,0,0,0,0,0,0,0,21631.038
2025-06-16 02:56:00,120237516.448469,0,0,0,0,0,0,0,21631.038
2025-06-16 02:57:00,120233880.316338,0,0,0,0,0,0,0,21631.038
2025-06-16 02:58:00,120237810.412918,0,0,0,0,0,0,0,21631.038
2025-06-16 02:59:00,120251001.584115,0,0,0,0,0,0,0,21631.038
2025-06-16 03:00:00,120228129.045173,0,0,0,0,0,0,0,21631.038
2025-06-16 03:01:00,120237816.132278,0,0,0,0,0,0,0,21631.038
2025-06-16 03:02:00,120231629.741654,0,0,0,0,0,0,0,21631.038
2025-06-16 03:03:00,120214254.573394,0,0,0,0,0,0,0,21631.038
2025-06-16 03:04:00,120218229.765304,0,0,0,0,0,0,0,21631.038
2025-06-16 03:05:00,120224492.135247,0,0,0,0,0,0,0,21631.038
2025-06-16 03:06:00,120227066.334672,0,0,0,0,0,0,0,21631.038
2025-06-16 03:07:00,120210942.034641,0,0,0,0,0,0,0,21631.038
2025-06-16 03:08:00,120209242.946082,0,0,0,0,0,0,0,21631.038
2025-06-16 03:09:00,120219462.956644,0,0,0,0,0,0,0,21631.038
2025-06-16 03:10:00,120223369.897642,0,0,0,0,0,0,0,21631.038
2025-06-16 03:11:00,120226874.151798,0,0,0,0,0,0,0,21631.038
2025-06-16 06:24:00,110348869.943424,0,0,0,0,0,0,0,21631.038
2025-06-16 06:25:00,110350269.434954,0,0,0,0,0,0,0,21631.038
2025-06-16 06:26:00,110335106.197112,0,0,0,0,0,0,0,21631.038
2025-06-16 06:27:00,110349234.980264,0,0,0,0,0,0,0,21631.038
2025-06-16 06:28:00,110345942.028085,0,0,0,0,0,0,0,21631.038
2025-06-16 06:29:00,110338328.335651,0,0,0,0,0,0,0,21631.038
2025-06-16 06:30:00,110336826.923214,0,0,0,0,0,0,0,21631.038
2025-06-16 06:31:00,110349671.848392,0,0,0,0,0,0,0,21631.038
2025-06-16 06:32:00,110355161.77973,0,0,0,0,0,0,0,21631.038
2025-06-16 06:33:00,110340051.295138,0,0,0,0,0,0,0,21631.038
2025-06-16 06:34:00,110341241.090456,0,0,0,0,0,0,0,21631.038
2025-06-16 06:35:00,110353358.799873,0,0,0,0,0,0,0,21631.038
2025-06-16 06:36:00,110351790.965692,0,0,0,0,0,0,0,21631.038
2025-06-16 06:37:00,110334305.133119,0,0,0,0,0,0,0,21631.038
2025-06-16 06:38:00,110352547.404378,0,0,0,0,0,0,0,21631.038
2025-06-16 06:39:00,110349856.370761,0,0,0,0,0,0,0,21631.038
2025-06-16 06:40:00,110338489.773532,0,0,0,0,0,0,0,21631.038
2025-06-16 06:41:00,110342444.694808,0,0,0,0,0,0,0,21631.038
2025-06-16 06:42:00,110340831.294646,0,0,0,0,0,0,0,21631.038
2025-06-16 06:43:00,110359999.584282,0,0,0,0,0,0,0,21631.038
2025-06-16 06:44:00,110340169.487449,0,0,0,0,0,0,0,21631.038
2025-06-16 06:45:00,110338550.560445,0,0,0,0,0,0,0,21631.038
2025-06-16 06:46:00,110355434.17874,0,0,0,0,0,0,0,21631.038
2025-06-16 06:47:00,110353737.398346,0,0,0,0,0,0,0,21631.038
2025-06-16 06:48:00,110340651.419421,0,0,0,0,0,0,0,21631.038
2025-06-16 06:49:00,110348719.992629,0,0,0,0,0,0,0,21631.038
2025-06-16 06:50:00,110350055.150643,0,0,0,0,0,0,0,21631.038
2025-06-16 06:51:00,110339971.432021,0,0,0,0,0,0,0,21631.038
2025-06-16 06:52:00,110350056.912751,0,0,0,0,0,0,0,21631.038
2025-06-16 06:53:00,110348346.168894,0,0,0,0,0,0,0,21631.038
2025-06-16 06:54:00,110353150.092509,0,0,0,0,0,0,0,21631.038
2025-06-16 06:55:00,110366351.170623,0,0,0,0,0,0,0,21631.038
2025-06-16 06:56:00,110356109.735899,0,0,0,0,0,0,0,21631.038
2025-06-16 06:57:00,110354254.100739,0,0,0,0,0,0,0,21631.038
2025-06-16 06:58:00,110373059.770667,0,0,0,0,0,0,0,21631.038
2025-06-16 06:59:00,110371160.681103,0,0,0,0,0,0,0,21631.038
2025-06-16 07:00:00,110351300.079937,0,0,0,0,0,0,0,21631.038
2025-06-16 07:01:00,110352505.490681,0,0,0,0,0,0,0,21631.038
2025-06-16 07:02:00,110364826.433437,0,0,0,0,0,0,0,21631.038
2025-06-16 07:03:00,110353087.609029,0,0,0,0,0,0,0,21631.038
2025-06-16 07:04:00,110351179.54955,0,0,0,0,0,0,0,21631.038
2025-06-16 07:05:00,110360853.392488,0,0,0,0,0,0,0,21631.038
2025-06-16 07:06:00,110362365.403699,0,0,0,0,0,0,0,21631.038
2025-06-16 07:07:00,110354873.477638,0,0,0,0,0,0,0,21631.038
2025-06-16 07:08:00,110365300.514194,0,0,0,0,0,0,0,21631.038
2025-06-16 07:09:00,110369548.890036,0,0,0,0,0,0,0,21631.038
2025-06-16 07:10:00,110367565.817475,0,0,0,0,0,0,0,21631.038
2025-06-16 07:11:00,110354593.099261,0,0,0,0,0,0,0,21631.038
2025-06-16 07:12:00,110364025.389519,0,0,0,0,0,0,0,21631.038
2025-06-16 07:13:00,110377481.301311,0,0,0,0,0,0,0,21631.038
2025-06-16 07:15:00,110356259.38315,0,0,0,0,0,0,0,21631.038
2025-06-16 07:16:00,110369687.090997,0,0,0,0,0,0,0,21631.038
2025-06-16 07:17:00,110367588.882761,0,0,0,0,0,0,0,21631.038
2025-06-16 07:18:00,110371956.275797,0,0,0,0,0,0,0,21631.038
2025-06-16 07:19:00,110364151.062347,0,0,0,0,0,0,0,21631.038
2025-06-16 07:20:00,110374350.697385,0,0,0,0,0,0,0,21631.038
2025-06-16 07:21:00,110376888.293487,0,0,0,0,0,0,0,21631.038
2025-06-16 07:22:00,110362562.15377,0,0,0,0,0,0,0,21631.038
2025-06-16 07:23:00,110360416.438563,0,0,0,0,0,0,0,21631.038
2025-06-16 07:24:00,110372043.161138,0,0,0,0,0,0,0,21631.038
2025-06-16 07:25:00,110385052.36514,0,0,0,0,0,0,0,21631.038
2025-06-16 07:26:00,110369818.245544,0,0,0,0,0,0,0,21631.038
2025-06-16 07:27:00,110371032.791664,0,0,0,0,0,0,0,21631.038
2025-06-16 07:28:00,110382304.752429,0,0,0,0,0,0,0,21631.038
2025-06-16 07:29:00,110380008.923977,0,0,0,0,0,0,0,21631.038
2025-06-16 07:30:00,110365821.415028,0,0,0,0,0,0,0,21631.038
2025-06-16 07:31:00,110374472.421345,0,0,0,0,0,0,0,21631.038
2025-06-16 07:32:00,110384349.538033,0,0,0,0,0,0,0,21631.038
2025-06-16 07:33:00,110364961.646129,0,0,0,0,0,0,0,21631.038
2025-06-16 07:34:00,110377775.688207,0,0,0,0,0,0,0,21631.038
2025-06-16 07:35:00,110375429.21059,0,0,0,0,0,0,0,21631.038
2025-06-16 07:36:00,110387161.824555,0,0,0,0,0,0,0,21631.038
2025-06-16 07:37:00,110374555.711823,0,0,0,0,0,0,0,21631.038
2025-06-16 07:38:00,110387029.095803,0,0,0,0,0,0,0,21631.038
2025-06-16 07:39:00,110393279.267988,0,0,0,0,0,0,0,21631.038
2025-06-16 07:40:00,110371172.584931,0,0,0,0,0,0,0,21631.038
2025-06-16 07:41:00,110368782.505697,0,0,0,0,0,0,0,21631.038
2025-06-16 07:42:00,110381348.039936,0,0,0,0,0,0,0,21631.038
2025-06-16 07:43:00,110394302.562415,0,0,0,0,0,0,0,21631.038
2025-06-16 07:44:00,110380959.422503,0,0,0,0,0,0,0,21631.038
2025-06-16 07:45:00,110387087.60955,0,0,0,0,0,0,0,21631.038
2025-06-16 07:46:00,110395231.050755,0,0,0,0,0,0,0,21631.038
2025-06-16 07:47:00,110392750.444304,0,0,0,0,0,0,0,21631.038
2025-06-16 07:48:00,110400264.169974,0,0,0,0,0,0,0,21631.038
2025-06-16 07:49:00,110384576.225242,0,0,0,0,0,0,0,21631.038
2025-06-16 07:50:00,110397058.183386,0,0,0,0,0,0,0,21631.038
2025-06-16 07:51:00,110408619.973384,0,0,0,0,0,0,0,21631.038
2025-06-16 07:52:00,110392689.470116,0,0,0,0,0,0,0,21631.038
2025-06-16 07:53:00,110390054.877154,0,0,0,0,0,0,0,21631.038
2025-06-16 07:54:00,110408693.926379,0,0,0,0,0,0,0,21631.038
2025-06-16 07:55:00,110415704.193884,0,0,0,0,0,0,0,21631.038
2025-06-16 07:56:00,110399470.493039,0,0,0,0,0,0,0,21631.038
2025-06-16 07:57:00,110409288.629097,0,0,0,0,0,0,0,21631.038
2025-06-16 07:58:00,110416814.956187,0,0,0,0,0,0,0,21631.038
2025-06-16 07:59:00,110414110.682496,0,0,0,0,0,0,0,21631.038
2025-06-16 08:00:00,110400224.089173,0,0,0,0,0,0,0,21631.038
2025-06-16 08:01:00,110415503.952397,0,0,0,0,0,0,0,21631.038
2025-06-16 08:02:00,110420115.518792,0,0,0,0,0,0,0,21631.038
2025-06-16 08:03:00,110405079.871887,0,0,0,0,0,0,0,21631.038
2025-06-16 08:04:00,110417450.277957,0,0,0,0,0,0,0,21631.038
2025-06-16 08:05:00,110414648.565972,0,0,0,0,0,0,0,21631.038
2025-06-16 08:06:00,110421156.22954,0,0,0,0,0,0,0,21631.038
2025-06-16 08:07:00,110405244.47509,0,0,0,0,0,0,0,21631.038
2025-06-16 08:08:00,110419445.0813,0,0,0,0,0,0,0,21631.038
2025-06-16 08:09:00,110432525.25644,0,0,0,0,0,0,0,21631.038
2025-06-16 08:10:00,110411859.054708,0,0,0,0,0,0,0,21631.038
2025-06-16 08:11:00,110408914.387481,0,0,0,0,0,0,0,21631.038
2025-06-16 08:12:00,110424044.666729,0,0,0,0,0,0,0,21631.038
2025-06-16 08:13:00,110435532.002458,0,0,0,0,0,0,0,21631.038
2025-06-16 08:14:00,110419167.639393,0,0,0,0,0,0,0,21631.038
2025-06-16 08:15:00,110429831.551885,0,0,0,0,0,0,0,21631.038
2025-06-16 08:16:00,110441273.580604,0,0,0,0,0,0,0,21631.038
2025-06-16 08:17:00,110438274.602202,0,0,0,0,0,0,0,21631.038
2025-06-16 08:18:00,110426887.075613,0,0,0,0,0,0,0,21631.038
2025-06-16 08:19:00,110431098.788235,0,0,0,0,0,0,0,21631.038
2025-06-16 08:20:00,110449632.01252,0,0,0,0,0,0,0,21631.038
2025-06-16 08:21:00,110433115.629552,0,0,0,0,0,0,0,21631.038
2025-06-16 08:22:00,110432380.059249,0,0,0,0,0,0,0,21631.038
2025-06-16 08:23:00,110429324.406038,0,0,0,0,0,0,0,21631.038
2025-06-16 08:24:00,110450261.417765,0,0,0,0,0,0,0,21631.038
2025-06-16 08:26:00,110441549.280513,0,0,0,0,0,0,0,21631.038
2025-06-16 08:27:00,110440874.497214,0,0,0,0,0,0,0,21631.038
2025-06-16 08:28:00,110452625.444583,0,0,0,0,0,0,0,21631.038
2025-06-16 08:29:00,110449423.095274,0,0,0,0,0,0,0,21631.038
2025-06-16 08:30:00,111640391.648331,0,0,0,0,0,0,0,21631.038
2025-06-16 08:31:00,160261223.021234,13559.5453904917,-24.619207120222,-11,-523.015437184173,-905.03,0.00341771603624515,-6.82,21836.618
2025-06-16 08:32:00,154255357.961615,40485.8041725767,-87.1066920165648,-94,-2856.83198736145,-3329.75,-0.0901343809772988,-24.87,21848.58
2025-06-16 08:33:00,153095019.490539,84495.4893470138,292.582281374892,63,4784.5598199234,867.26,0.186982834176936,8.35,21836.44
2025-06-16 08:34:00,154299942.927308,98215.8444332015,-31.0934652601956,-52,32.6581711868477,-221.43,0.027751205022594,-1.99,21841.662
2025-06-16 08:35:00,155351247.666504,100109.960698528,23.7626178670227,-8,1462.52299705328,1917.37,0.0418070483453686,8.15,21826.202
2025-06-16 08:36:00,153144991.933411,288869.180121441,403.383891597273,453,4547.42584820362,3403.39,0.825165298285298,49.59,21823.845
2025-06-16 08:37:00,155666857.214442,450312.180633077,240.103009074259,321,964.012957776945,1536.26,0.457287032001447,27.67,21834.115
2025-06-16 08:38:00,156615323.610849,472169.896937852,-5.95764647345398,0,-61.2694822324602,171.21,0.0431328732872438,1.8,21838.699
2025-06-16 08:39:00,154574614.366493,475938.570274248,15.9302656820304,19,1472.94501645871,1469.8,0.102084137075715,10.67,21835.021
2025-06-16 08:40:00,158451176.013842,712125.023635619,279.980016198491,435,1286.31353471585,922.42,0.533470018937939,29.88,21854.085
2025-06-16 08:41:00,154846381.012587,652364.748968417,41.5620104172844,52,1294.45555680681,649.11,0.0313894325117705,7.15,21840.468
2025-06-16 08:42:00,156191186.705949,660413.063626916,-9.70821618306328,-26,-640.746913688269,-868.3,-0.012853900691399,-7.02,21840.951
2025-06-16 08:43:00,154180013.58339,612416.205764494,10.5878978864273,16,169.983220460912,210.86,-0.000102267891524942,2.58,21831.563
2025-06-16 08:44:00,156895883.273853,714975.912337581,15.8928715728715,27,-139.937125036075,146.33,0.0223390411336486,2.07,21849.965
2025-06-16 08:45:00,158726786.782229,806132.248320654,-29.1294649868707,-34,-1240.46747161882,-1058.82,-0.0478035418911285,-11.81,21864.046
2025-06-16 08:46:00,156442525.118428,762597.316719686,84.999008690856,48,3039.28813501814,1286.84,0.0668426285477368,10.67,21851.734
2025-06-16 08:47:00,157533619.385332,750787.783866274,18.4686904761905,16,776.634245238096,501.39,0.0265858816097346,5.12,21848
2025-06-16 08:48:00,151435858.615208,627088.034571955,-413.025132258128,-205,-5353.34004072025,-1895.06,0.142037788917452,-20.1,21833.429
2025-06-16 08:49:00,157898808.098974,883554.964685111,-53.0770439215365,-67,-2198.92156367279,-2990.06,-0.176585036041157,-34.15,21867.424
2025-06-16 08:50:00,158823400.254145,911248.54506342,34.0079470237545,-19,1994.51943258015,-438.8,0.0191663565488981,-3.79,21864.706
2025-06-16 08:51:00,156630072.153033,927942.449910966,15.9160590375808,0,321.770172215948,-12.54,0.0129785591505879,-0.08,21865.911
2025-06-16 08:52:00,157052819.343242,902080.414289537,-63.9754995004995,-46,-747.854063336662,-441.44,0.0349769011979451,-5.08,21863.422
2025-06-16 08:53:00,158766558.112854,957401.537083124,7.43066933066932,-11,269.37301032301,172.48,0.00699506188479776,0.58,21869.739
2025-06-16 08:54:00,157157258.537721,1158989.27296772,179.4585943145,136,3721.49884136153,2664.14,0.1914819708719,17.91,21890.902
2025-06-16 08:55:00,159173327.129834,1214059.31901371,-19.4640369617915,-34,-1170.86371726651,-2032.39,-0.0542767474299215,-16.55,21904.264
2025-06-16 08:56:00,159223688.613669,1299361.52770806,-9.66179653679656,-65,-355.450656565658,-1809.19,-0.0712803087088823,-20.23,21915.557
2025-06-16 08:57:00,159131422.616076,1332242.51557759,-24.8681622053025,-39,-336.48706635654,-1061.98,0.00995444815986747,-9.88,21923.76
2025-06-16 08:58:00,158803358.586354,1242391.18298692,38.8058646616542,59,6040.0991621554,7979.79,0.0198706641147605,35.33,21905.716
2025-06-16 08:59:00,158602723.399852,1308399.64390834,-9.34075630252103,0,-353.131546218488,-87.88,0.0407738772352409,-0.5,21912.309
2025-06-16 09:00:00,159472574.608815,1439310.84528992,142.145445665446,125,2058.95524090354,1394.97,0.102017428735166,18.23,21930.012
2025-06-16 09:02:00,159558447.933807,1423934.79347234,-12.6963924350664,-17,-191.419064443843,-817.65,-0.0139175662359356,-6.35,21930.596
2025-06-16 09:03:00,159243975.227136,1430216.98039988,-9.84304888414477,-13,11.8734243807945,-31.46,0.000804366158385906,-1.99,21929.69
2025-06-16 09:04:00,159374828.957003,1372553.00021049,-0.607777777777784,20,54.250511111111,220.3,-0.000911827337752039,2.84,21921.134
2025-06-16 09:05:00,159268053.420886,1455944.94676963,-18.3344488031674,-41,-319.486375796375,-1267.2,0.00580985191407712,-8.02,21930.586
2025-06-16 09:06:00,160825027.151081,1479998.12877614,20.8920145810262,14,746.842256902916,354.39,0.0070793942474969,4.2,21930.37
2025-06-16 09:07:00,159116822.70269,1498662.44136125,-21.7887903236412,2,44.1710005799501,65.41,0.0812895430037178,2.47,21927.701
2025-06-16 09:08:00,157144602.143037,1449702.91415754,8.60139860139861,4,106.353111888112,107.48,-0.00805279430814365,1.23,21919.669
2025-06-16 09:09:00,158063101.11714,1417338.95049575,13.8751417870519,16,6058.71935797217,8415.78,0.0199492186786543,23.89,21916.376
2025-06-16 09:10:00,160037800.687448,1373626.13391968,-68.0761904761905,-66,-311.192238095238,-269.77,0.0393762924108371,-3.16,21913.413
2025-06-16 09:11:00,158464172.029712,1425190.61818047,-0.0523809523809526,-4,37.8420952380952,6.56,0.00356988726800471,0.14,21918.004
2025-06-16 09:12:00,160611572.743777,1612680.64228343,-47.9089810617221,-111,-406.312385507842,-992.28,-0.231677317212305,-15.93,21939.261
2025-06-16 09:13:00,160720878.8311,1621567.82855307,29.3771428571429,32,462.717066666666,560.9,0.030457353194656,7.72,21938.087
2025-06-16 09:14:00,158343954.736571,1634582.09348384,-19.6066386554622,41,97.4488546218486,393.98,-0.018769887085825,4.94,21940.239
2025-06-16 09:15:00,158335302.864871,1604470.69033987,12.9556409793442,13,1823.28849720858,2539.6,0.0395354997312387,10.31,21935.1
2025-06-16 09:16:00,161027274.764936,1661509.23740961,0.778571428571433,-2,-95.9612499999997,-196.92,-0.00819982325868977,-1.87,21941.147
2025-06-16 09:17:00,161611167.075958,1701787.67309749,-10.7008092892329,-10,-364.480956251464,-856.45,-0.0426476044308606,-7.23,21941.99
2025-06-16 09:18:00,161758360.059206,1676080.46234965,13.4683333333333,17,502.8612,572.63,0.0323862350239711,6.71,21939.536
2025-06-16 09:19:00,160737457.6577,1721541.32803981,2.83253968253967,29,146.854579365079,363.3,0.0585897474401916,4.99,21946.472
2025-06-16 09:20:00,161253087.779724,1771982.67441641,6.21968253968255,13,221.473242857143,393.56,-0.0110832158237005,4.87,21947.952
2025-06-16 09:21:00,161239754.546448,1770727.5198854,-3.06095238095238,-5,-37.4616095238096,-166.38,0.0162325558756693,-1.89,21947.663
2025-06-16 09:22:00,161415853.504189,1747375.08534509,23.7128571428571,36,885.91134047619,547.68,0.0302241145169694,6.9,21942.861
2025-06-16 09:23:00,159448089.256371,1762200.96009301,24.3706558010114,24,1244.11822667595,867.92,0.0208150617114545,9.06,21938.773
2025-06-16 09:24:00,159191557.176765,1912630.94275418,-23.1580952380952,-13,-371.70645952381,-143.06,-0.0185813505853394,-2.17,21952.209
2025-06-16 09:25:00,160022450.893405,1793110.97058,54.9530303030303,32,1285.46037878788,699.95,0.0661151338122264,9.16,21940.892
2025-06-16 09:26:00,161124494.149989,1782429.93816077,0.883333333333334,0,130.716833333333,42.31,0.0154529879997593,0.45,21941.675
2025-06-16 09:27:00,158750536.134168,1793254.67418849,1.38571428571429,1,3.86685714285719,-2.44,0.00647080839912165,0.06,21943.592
2025-06-16 09:28:00,161495792.052819,1884912.03885609,-2.60793650793652,-32,-75.3522142857147,-775.33,-0.0858682848811443,-11.49,21953.701
2025-06-16 09:29:00,161547437.231589,1957560.47233422,6.94702380952383,13,290.869392857144,463.22,0.0211344509458559,5.11,21958.201
2025-06-16 09:30:00,159911867.288937,2036702.66016771,-13.1714285714286,5,-245.238714285714,4.75,0.00744188894934109,0.18,21961.493
2025-06-16 09:31:00,160931444.424771,2026205.82066505,16.6422161172161,6,529.103697802198,451.25,0.00424883236603828,4.35,21957.503
2025-06-16 09:32:00,160417638.633532,2078226.82957243,3.08453416149068,10,-146.048941511387,-172.32,-0.00185171678009633,-0.79,21964.146
2025-06-16 09:33:00,160994040.639528,2079268.38170643,0.724742063492054,-2,201.712131150794,142.4,0.0366000828607932,1.81,21963.096
2025-06-16 09:34:00,158270582.940009,2131563.60774565,15.2433333333333,20,603.139766666666,678.56,0.0605841241421054,8.04,21964.162
2025-06-16 09:35:00,158295425.916745,2140154.50908175,2.58571428571429,3,18.5747142857145,50.42,0.0106595740187122,0.9,21965.691
2025-06-16 09:36:00,161787326.410613,2041737.64717014,24.5014285714285,58,423.553528571428,648.71,-0.0430368137048917,8.07,21954.99
2025-06-16 09:37:00,157779262.205086,1972421.31590442,11.3309811902903,-2,182.249767798595,-12.72,-0.00909129278668441,-1.1,21949.113
2025-06-16 09:38:00,159064998.197163,1996131.90288572,9.51464285714285,6,172.426117857143,111.12,-0.00152116160443749,1.52,21948.3
2025-06-16 09:39:00,162276800.851109,2002016.68738278,-131.795965608466,-111,-401.365988756613,-441.45,0.0416968594450291,-4.73,21955.761
2025-06-16 09:40:00,160555586.499111,1930947.06617908,-14.5909420289854,53,1294.94022826087,539.54,0.0148676903435522,6.96,21948.309
2025-06-16 09:41:00,159760185.452972,1937110.88765718,-0.391111111111119,-9,-183.649177777778,-178.22,0.00917000008368298,-2.12,21947.611
2025-06-16 09:43:00,162405868.696196,1862482.60735936,1.44285714285713,-13,-43.6545000000001,-183.35,-0.0237661578240504,-2.96,21943.004
2025-06-16 09:44:00,161956127.993327,1935380.56380961,-8.37464285714284,2,-267.244507142857,-33.11,-0.0119772068562613,-0.43,21951.73
2025-06-16 09:45:00,161404218.586163,2006772.891708,1.10023687004819,15,160.106682961692,190.87,-0.00357486461081678,2.78,21957.622
2025-06-16 09:46:00,160381115.226978,1971138.01347579,-12.8005128205128,-10,-228.88518974359,-156.91,0.00923772435403254,-1.93,21959.02
2025-06-16 09:47:00,161325291.056189,1947985.27569387,-18.2634920634921,5,317.247333333333,40.06,-0.0107767007288198,0.53,21955.038
2025-06-16 09:48:00,160908179.578087,1920559.99801013,-6.58214285714286,-6,-78.1300571428572,-65.52,0.00821436429549514,-1.23,21951.655
2025-06-16 09:49:00,161543664.804816,1914708.30756216,-5.91937229437227,4,-123.150135281385,44.36,-0.00244810690683104,0.67,21950.618
2025-06-16 09:50:00,162149077.535878,1926638.05439575,7.88888888888889,-2,144.166666666667,66.4,0.00211444403049883,0.89,21947.969
2025-06-16 09:51:00,162076217.9653,1952547.04264003,104.24,107,1874.36573333333,1875.41,0.272974701799585,29.92,21942.018
2025-06-16 09:52:00,161436572.787169,2043818.25214918,7.54523809523808,20,-155.316476190476,51.34,0.0296796289573303,1.1,21949.19
2025-06-16 09:53:00,160548486.238226,2072938.11757534,-1.74000000000001,-14,-60.881180952381,-111.24,-0.00584245450780648,-1.73,21952.491
2025-06-16 09:54:00,157555225.907258,2020105.15554362,40.4463675213674,14,1477.85774145299,581.82,-0.024749836450061,7.25,21947.231
2025-06-16 09:55:00,158272819.732466,2083397.26570177,-25.5534632034632,-15,-901.029419913421,-479.86,-0.0195594502754357,-6.29,21950.454
2025-06-16 09:56:00,158572923.95691,2057799.21833794,16.425,28,737.167416666667,577.29,0.0215961116154151,7.22,21946.648
2025-06-16 09:57:00,160246789.474539,2031991.97682164,-20.1775834488456,-11,-844.221363223003,-555.38,0.0326769034261075,-4.53,21945.01
2025-06-16 09:58:00,160149342.014587,2057573.56612633,8.84047619047618,10,106.723714285714,94.28,0.0189418470633441,1.71,21943.242
2025-06-16 09:59:00,159693767.472065,2012078.82992067,-24.6037878787879,-20,-409.035810606061,-158.31,0.0199017822300101,-1.95,21940.375
2025-06-16 10:00:00,160501957.81904,2059721.900853,-10.7638729914154,4,-539.826329793088,-109.79,0.0102093147440458,-0.549999999999999,21946.966
2025-06-16 10:01:00,162530845.806309,2043315.32450829,-4.40714285714286,-6,-81.6157142857145,-131.3,-0.00467421225816712,-1.75,21950.521
2025-06-16 10:02:00,158183628.168114,2078110.86017161,3.38928571428572,9,127.459035714286,164.83,-0.0102017423002609,2.13,21950.754
2025-06-16 10:03:00,160726090.218193,2103147.44931455,11.2541666666667,10,392.831208333335,398.92,0.0495489478161501,4.61,21954.144
2025-06-16 10:04:00,160823363.610606,2019465.12290425,16.8920995670996,64,331.463573593074,228.59,-0.0395331817056405,2.72,21945.852
2025-06-16 10:05:00,158587276.46825,2070909.83151548,-58.0238095238095,13,579.53380952381,406.5,-0.048061914645547,5.77,21952.193
2025-06-16 10:06:00,161348183.74822,2006631.69880494,-28.1196428571429,-11,-1060.62266071429,-366.12,0.00755503090063634,-4.4,21951.293
2025-06-16 10:07:00,161617849.984158,1946789.23907596,-16.5430769230769,19,-37.6625538461538,111.41,-0.0159447592365225,1.43,21949.02
2025-06-16 10:08:00,161819972.911579,1998073.56102485,-1.71428571428572,-1,-56.1657142857146,23.7,-0.00328467009272251,0.18,21950.646
2025-06-16 10:09:00,159102716.515752,2108556.45610244,-19.7,22,-196.323428571428,10.4,-0.0127966740087981,0.33,21957.033
2025-06-16 10:10:00,161466313.650974,2076132.64697595,-6.52380952380953,-4,-148.703476190477,-129.01,0.0105331502074648,-1.56,21956.818
2025-06-16 10:11:00,159797825.313203,2095172.25320189,-23.2528571428572,-27,-865.798395238096,-737.26,-0.00178066695061464,-9.14,21960.84
2025-06-16 10:12:00,161401106.275839,1986967.81853411,7.99916666666664,12,-150.442558333334,55.8,0.00367056059906936,0.9,21953.061
2025-06-16 10:13:00,161884232.985676,2048469.17762131,-3.53333333333332,15,-22.0886666666666,95.1,-0.0127036295899725,1.29,21955.73
2025-06-16 10:14:00,162272686.15603,2056142.66765702,-1.3,-3,-1.10000000000001,-26.8,-0.00189945706749668,-0.41,21956.708
2025-06-16 10:15:00,161690990.524903,2155765.5460591,1.11350016650015,-12,137.485982444222,-652.25,-0.0320567067373934,-8.18,21966.089
2025-06-16 10:16:00,159578507.679043,2216707.98169897,7.18154761904762,11,30.4108392857142,89.87,0.0399384368634602,1.95,21963.864
2025-06-16 10:17:00,161471726.896966,2175597.67475558,-13.2873015873016,1,-467.736730158732,-39,0.0585519475099482,0.33,21968.425
2025-06-16 10:18:00,161211516.547974,2224965.96558484,18.9433396149305,5,494.775810170889,456.96,0.0946101161337876,6.82,21973.885
2025-06-16 10:19:00,161046311.138446,2238993.33911032,3.90620768120767,1,250.717288128538,146.33,-0.0588600614358689,1.3,21972.406
2025-06-16 10:20:00,163209749.290628,2295079.43171837,4.98611111111111,9,122.708333333333,118.78,-0.000574476550293073,1.59,21969.245
2025-06-16 10:21:00,161454795.571012,2261941.12176083,9.79749999999999,-1,201.836725,301.38,-0.0138611463000498,4.23,21973.889
2025-06-16 10:22:00,161296902.139036,2244390.50998528,19.0416666666667,27,319.549416666667,320.78,0.00324201489638677,4.86,21970.735
2025-06-16 10:23:00,162284060.903521,2229335.32783698,-4.16898326898326,6,-69.0662265122264,114.14,-0.00323600153609668,1.57,21967.3
2025-06-16 10:24:00,161306144.46804,2278846.6347907,0.0229416505480358,-13,-105.230671389426,-238.35,-0.0146151931478841,-2.76,21976.613
2025-06-16 10:25:00,157483806.245791,2358365.11896347,42.0821078431372,28,461.407986111111,310.25,0.0524235684642996,4.46,21972.022
2025-06-16 10:26:00,162208553.174294,2083225.65895233,50.1348940023437,52,1761.42859001811,1217.29,-0.0620923128296589,15.48,21951.722
2025-06-16 10:27:00,161147071.900888,1973196.3732758,-21.3445074884792,-41,-565.914460205452,-259.95,-0.121543039867506,-6.74,21946.733
2025-06-16 10:28:00,161771598.994428,1993915.93992338,-6.86845238095238,-10,-93.2039607142856,-215.76,0.0182251501221359,-2.62,21947.943
2025-06-16 10:29:00,161809578.58711,1988768.92611415,-10.0390476190476,-4,-47.4068619047623,-36.77,0.0338321010802816,-0.34,21947.174
2025-06-16 10:30:00,162199063.097012,2126802.94309663,-38.4959722222223,-13,-593.145565277779,-214.31,0.0278404703293593,-2.26,21955.934
2025-06-16 10:32:00,161294645.629092,2076476.59347072,3.71583333333333,-7,82.2449726190474,74.81,0.00492174153413725,0.59,21953.179
2025-06-16 10:33:00,162078278.539967,2056188.96255247,39.4752380952381,43,2195.31405714286,2030.85,0.13839984318716,21.13,21947.709
2025-06-16 10:34:00,161039467.849565,1999295.842062,-8.07056277056279,-4,-316.404290043291,-208.59,-0.00646422253918315,-2.67,21948.358
2025-06-16 10:35:00,161578989.28762,2108615.42083062,0.551082251082254,-5,23.9027792207792,-139.2,-0.00126250997503791,-1.61,21953.049
2025-06-16 10:36:00,161461357.201455,2005102.84996666,1.4952380952381,3,82.9576071428574,103.63,0.00418782018999702,1.11,21945.488
2025-06-16 10:37:00,161895711.894395,2118953.23586245,-19.7140801644399,-24,-276.84277632751,-238.89,-0.000425755721503589,-2.43,21953.534
2025-06-16 10:38:00,161637037.410019,2173536.37599748,-20.5995609551739,-21,-104.47812797235,-578.78,-0.0130291546974429,-5.33,21958.166
2025-06-16 10:39:00,161086915.710462,2140801.01108886,-10.8984848484848,4,270.986030303031,578.27,0.0231810211408593,5.66,21957.51
2025-06-16 10:40:00,162237531.454864,2139777.15001093,-9.19166666666667,-8,-102.5305,-115.2,0.00566774978814084,-1.53,21952.475
2025-06-16 10:41:00,162341165.255325,2197738.83651883,-3.0375,-1,-99.0937499999999,-31.8,-0.00135689174114288,-0.42,21955.091
2025-06-16 10:42:00,160695346.578701,2247204.6174224,20.4555555555556,32,326.347777777778,191.12,0.0183853501284391,2.82,21953.392
2025-06-16 10:43:00,162611444.193972,2143297.11566401,-3.26666666666666,2,-44.0528333333332,95.23,-0.0150795617606011,1.37,21951.416
2025-06-16 10:44:00,162912387.201716,2211824.16694503,1.63407258064516,-1,115.636125,-203.28,-0.00727260926516915,-1.07,21953.202
2025-06-16 10:45:00,161712643.497574,2247527.52664833,-3.61859560601282,-7,-73.6103069483864,11.2,0.00720525066382869,-0.7,21954.006
2025-06-16 10:46:00,163505815.397778,2264831.7641915,-8.54484848484848,-11,-158.772036363636,-243.73,-0.0120303336696041,-3.4,21955.366
2025-06-16 10:47:00,162452323.808512,2353121.38708619,-9.48333333333333,-11,-52.0941666666666,-58.5,0.0112683042923816,-0.84,21959.381
2025-06-16 10:48:00,164105784.449596,2393787.8312982,0.535714285714279,-3,28.5065476190473,-66.9,0.00471590878736465,-0.95,21961.716
2025-06-16 10:49:00,162502011.398024,2358934.96707955,2.38077519379846,12,139.573815503876,325.29,0.00264774659820158,4.05,21958.336
2025-06-16 10:50:00,159516760.712963,2399138.40626989,5.25714285714285,4,129.722857142857,103.6,0.000249450814867725,1.43,21956.808
2025-06-16 10:51:00,160508409.126391,2383941.01368875,25.2640625,31,367.245239583334,614.44,0.0133983459620843,9.8,21952.651
2025-06-16 10:52:00,161022324.717997,2379943.95784106,-46.3057150056285,-98,-87.5678684959041,-1102.39,-0.296023334954486,-24.08,21949.161
2025-06-16 10:53:00,161073020.614252,2280565.4958617,-1.48460317460318,13,14.4144095238093,353.66,-0.0150234689291789,4.86,21943.821
2025-06-16 10:54:00,160515348.007709,2315220.2860164,-6.3571428571429,-26,508.487857142856,278.56,-0.0743321897600679,1.56,21943.422
2025-06-16 10:55:00,160052451.264042,2402948.73824283,-192.416125541125,-221,-2445.61889718614,-2438.18,-0.62950481860281,-49.97,21939.837
2025-06-16 10:56:00,163022722.730785,2182226.43561433,449.344533595147,204,6179.95250300956,3009.45,0.509814053279315,46.7,21925.936
2025-06-16 10:57:00,163254730.311533,2217773.37393974,-10.2404604855692,-15,-414.165739765268,-251.7,-0.0830739684442139,-2.92,21929.222
2025-06-16 10:58:00,162610626.267217,2241073.75165265,-16.7853704302234,-13,-375.565147516699,-361.21,0.0236931417948443,-4.1,21930.108
2025-06-16 10:59:00,163447243.086615,2404167.15877817,-3.28874458874459,2,-25.8329350649352,40.24,-0.0042825985807072,0.59,21934.951
2025-06-16 11:00:00,163892457.709779,2445782.1885794,-5.12523809523809,-4,-62.4736142857143,-24.33,0.00182050748605168,-0.36,21937.746
2025-06-16 11:01:00,162392980.624371,2425200.76838333,50.5628571428572,31,1614.83925714286,727.95,0.0506100745270362,8.44,21935.459
2025-06-16 11:02:00,162919293.118004,2331776.72883248,10.4179503829504,16,331.151241125541,440.19,0.0162592621267901,6.32,21930.073
2025-06-16 11:03:00,163487355.805652,2340657.58485246,-6.83482905982906,-11,-206.243514957265,-272.41,0.0512868570459577,-3.61,21929.891
2025-06-16 11:04:00,158129203.183478,2304713.0551844,8.11006455399061,1,-117.35358203387,-202.66,0.00332785676582336,-2.58,21927.288
2025-06-16 11:05:00,163218631.813988,2354084.09718851,48.6276301476301,-9,496.454579176378,197.61,-0.0412955502871486,2.76,21928.799
2025-06-16 11:06:00,163213000.184173,2382386.77007399,-2.60719696969697,-4,-71.2464659090909,-69.04,0.0007542923670538,-1.06,21931.404
2025-06-16 11:07:00,157715912.135502,2267995.376231,-3.98883415435141,5,20.9226436781607,241.44,-0.0428409375728702,3.07,21924.642
2025-06-16 11:08:00,163248508.011179,2382969.61578131,4.31279609279609,-3,-26.7046586080586,-47.9,0.00166548740000772,-0.74,21932.02
2025-06-16 11:09:00,163358884.10936,2390114.80206594,2.34444444444444,2,28.6327222222222,35.92,0.0024323517252132,0.63,21929.956
2025-06-16 11:10:00,161106461.759171,2438983.57705378,9.48282828282829,7,39.5526060606061,21.63,0.0144468709272995,0.56,21931.884
2025-06-16 11:11:00,163476424.147193,2482489.69080894,-0.809523809523811,-1,-41.7886666666667,-103.7,0.00628800935979888,-1.01,21934.694
2025-06-16 11:12:00,159981843.277681,2585957.83016827,-0.692857142857144,-4,-15.9915714285714,-47.12,-0.00609690862478947,-0.78,21940.171
2025-06-16 11:13:00,164151674.003982,2725595.80208512,8.41000000000002,-9,47.8367000000002,15.33,-0.00931626800444586,0.11,21945.278
2025-06-16 11:14:00,164509644.532041,2679995.72926693,1.07420634920634,7,37.338333333333,151.18,-0.0138664030199383,2.31,21942.671
2025-06-16 11:15:00,164269187.912903,2625678.55564589,2.38369408369409,-7,91.8210429292929,135.27,-0.00800928842173313,1.49,21939.834
2025-06-16 11:16:00,164203687.268308,2803535.25999971,-25.0173669467787,-13,-399.201777310924,-495.01,-0.104371045597299,-7.18,21946.285
2025-06-16 11:17:00,165035241.76639,2947004.57521313,-6.36388888888888,-14,-3.39128571428565,-32.76,0.0243354691451806,-0.47,21952.452
2025-06-16 11:18:00,162764606.649285,3044972.57627827,5.45833333333334,12,79.2625000000001,193.45,0.0292351989313244,3.45,21954.158
2025-06-16 11:19:00,161874725.893231,2892879.91805686,10.4142493638677,13,145.962061068702,155.3,0.00496770019887285,2.49,21948.307
2025-06-16 11:20:00,165335011.285907,2850852.17460906,-42.9714285714286,-44,-289.137142857143,-277.1,0.0538017907749275,-4.31,21948.269
2025-06-16 11:21:00,164136227.825932,2837444.96381332,-0.857575757575764,-1,-5.63830303030327,-10.32,0.00852259417483256,-0.14,21947.08
2025-06-16 11:22:00,162371324.921653,2936863.98135265,0.442857142857144,0,4.26428571428576,-29.5,-0.00446363673119729,-0.45,21948.341
2025-06-16 11:23:00,160831505.766358,2919397.64706478,5.51346153846155,4,185.025173076923,111.03,0.0090975776051148,1.59,21947.465
2025-06-16 11:24:00,160278888.701638,2906069.55774827,346.193722943723,308,3645.70994372295,3261.49,0.920835500565216,66.47,21935.89
2025-06-16 11:25:00,162521583.56827,2749515.03929254,22.2068253968254,19,460.007973015873,195.88,0.0199009711553625,3.21,21930.517
2025-06-16 11:26:00,160217970.129054,2767723.90530353,0.498404353171369,-4,164.869906558237,207.93,-0.00163821698517433,0.92,21930.445
2025-06-16 11:27:00,160150481.64722,2879639.92378487,70.41037414966,101,772.663392857144,903,0.312533148637743,20.5,21930.495
2025-06-16 11:28:00,160499016.414963,2953571.49992533,-22.4963737050351,-7,-427.381127088135,27.3,0.0411250896571928,-1.07,21933.729
2025-06-16 11:30:00,161989406.60042,2817354.1091979,3.43960100021744,2,44.8869461839532,-185.86,0.00159006194631902,-0.94,21930.236
2025-06-16 11:31:00,162467317.026981,2901103.11551833,-2.5,0,-35,0,0,0,21933.207
2025-06-16 11:32:00,160037479.44703,2864393.05959062,-5.99047619047619,-10,-3.46361904761908,-19.08,0.0120384805508969,-0.23,21931.158
2025-06-16 11:33:00,160634067.569195,3013415.51517362,1.49999999999999,-12,12.8999999999999,-103.2,-0.0381509395135722,-2.4,21934.57
2025-06-16 11:34:00,162287227.418384,2937788.72183669,1.14285714285714,0,30.1714285714285,0,0,0,21933.375
2025-06-16 11:35:00,159756885.55358,2830737.79110083,0.823974648726304,6,116.874820644556,74.6,-0.0128678293269977,1.21,21929.303
2025-06-16 11:36:00,160863005.605169,2820808.40721363,248.248051948052,218,2940.62844155844,2149.84,0.635878237847552,40.65,21921.759
2025-06-16 11:37:00,164276249.542018,2906300.37783404,-13.8325541125541,-4,-198.004259307359,-224.54,-0.00795481428235839,-2.66,21928.031
2025-06-16 11:38:00,164043809.367579,2916543.27719269,2.57467532467532,4,5.27694805194802,25.5,0.00815955305144009,0.55,21927.165
2025-06-16 11:39:00,164351009.41756,2870596.86270394,0.57142857142857,-2,4.68571428571427,-16.4,-0.00589394869472102,-0.38,21926.683
2025-06-16 11:40:00,158990339.356607,2954431.81067573,2.20047619047621,16,23.1702476190478,147.84,-0.00162370303314582,2.55,21925.923
2025-06-16 11:41:00,161543566.905506,2766374.23959017,9.49552669552671,13,228.433735209236,173.13,0.0208694089863067,2.97,21920.104
2025-06-16 11:42:00,159669635.247439,2510197.41741046,5.25660173160175,1,46.0399783549787,83.1,-0.00478528988061754,1.13,21912.395
2025-06-16 11:43:00,158942641.028861,2645214.97426924,18.0442452475061,21,308.2395910032,282.5,-0.0136843609054226,4.44,21914.949
2025-06-16 11:44:00,159141751.39325,2534691.73996707,2.13102564102564,-2,43.3926217948718,19.43,-0.00875032062713892,0.15,21913.207
2025-06-16 11:45:00,162999147.630981,2474739.01422016,-7.99920634920638,16,-757.010873015874,-644.78,0.152231735777567,-5.38,21910.539
2025-06-16 11:46:00,159837048.408435,2471699.44573634,-1.53052308802307,0,-61.0906034992783,109.89,-0.0548690751170048,1.05,21910.376
2025-06-16 11:47:00,163303367.920446,2612829.79901811,-13.3707722832723,-9,-315.552222374847,-114.95,0.0275189529399634,-1.22,21916.962
2025-06-16 11:48:00,163826879.057458,2662742.41439154,-54.6361634199134,20,18.4649826298702,320.76,-0.000513760248104411,5.39,21918.15
2025-06-16 11:49:00,162919742.106863,2690886.4007165,-6.9531746031746,-8,-24.2425634920635,-35.23,0.00231114396615125,-0.56,21919.493
2025-06-16 11:50:00,161730943.431977,2602652.86504993,2.06666666666667,1,25.2333333333334,-7.15,0.00833705343697909,-0.04,21916.055
2025-06-16 11:51:00,164641833.560736,2840885.95471178,-2.07063492063493,3,55.8904285714283,109.6,-0.0096757228722511,1.43,21923.02
2025-06-16 11:52:00,164982935.878143,3071967.23067167,-19.5620396719647,-17,-457.258645289648,-338.31,0.0140959088598285,-4.38,21932.748
2025-06-16 11:53:00,163114584.565999,3294337.60674252,11.2190045248869,3,39.2128989441924,-226.56,0.0274320324872042,-1.51,21938.755
2025-06-16 11:54:00,160883029.118081,3305205.2857592,54.5410178741413,32,2359.27744150523,884.4,0.0581081565539957,10.76,21935.75
2025-06-16 11:55:00,160568793.527665,3298973.06124146,-3.61222222222222,-11,-91.5551555555555,-159.87,0.020121727212145,-2.48,21936.585
2025-06-16 11:56:00,162703755.793728,3192335.52350238,-16.6504385964912,-22,-143.999157894737,-286.2,0.0280741461174002,-3.86,21935.798
2025-06-16 11:57:00,164136005.130851,3114418.83590991,-7.3504761904762,3,-93.5678000000001,2.13,-0.00230145890060843,0.13,21933.443
2025-06-16 11:58:00,164036298.873497,3083815.78201657,2.12631793524908,11,18.1782565875305,170.53,0.0150844821976425,2.47,21931.242
2025-06-16 11:59:00,164234469.123764,2784976.90651838,23.1333333333333,22,227.273333333333,236.94,0.0642011050425199,4.69,21920.952
2025-06-16 12:00:00,157359118.330153,2940960.06655176,-26.6621212121212,-11,-684.973227272728,-217.8,0.00365882242740077,-3.34,21927.114
2025-06-16 12:01:00,160360037.80557,2942841.39239302,8.88499183006536,-8,79.9602211601307,-151.84,-0.023118887972978,-2.81,21925.598
2025-06-16 12:02:00,160010416.551916,2953969.37023308,6.6860119047619,4,148.006919642857,98.5,0.000226007261986114,1.55,21923.647
2025-06-16 12:03:00,161455826.630127,2816317.74065089,-7.08730158730158,4,-42.0469047619047,73.35,-0.0142433891961425,1.2,21921.39
2025-06-16 12:04:00,162430303.556153,2892554.6009487,14.2133333333334,12,700.344133333335,696.92,0.0396533877361112,8.18,21923.554
2025-06-16 12:05:00,160956703.810423,2943190.46434033,-5.04523809523812,21,-88.1611904761908,267.5,-0.049473463948654,4.5,21925.044
2025-06-16 12:06:00,159440258.283969,2811460.59695367,-10.7519047619047,-7,-111.130419047619,-151.62,0.0115192900876858,-2.3,21919.486
2025-06-16 12:07:00,165643066.111816,2909443.65006929,2.45340909090909,-3,64.0475227272726,-29.02,-0.0111466273941893,-0.84,21922.317
2025-06-16 12:08:00,164564953.804637,2790039.96133275,1.31746031746031,-3,-34.6149603174604,-54.15,-0.0243251400029246,-1.39,21919.633
2025-06-16 12:09:00,159824667.525299,2956543.84107869,-0.17047619047619,2,65.6905523809524,87.75,0.0191968723444828,1.63,21923.641
2025-06-16 12:10:00,160864251.345748,3051202.74578967,0.839999999999999,6,28.5127,64.77,-0.00133519984315531,1.22,21925.325
2025-06-16 12:11:00,161039122.413857,3131342.73375307,11.35,11,160.4675,211.9,-0.0127281453197977,3.52,21926.091
2025-06-16 12:12:00,160119101.195822,2827943.70798271,-3.3333333333333,47,-66.5293333333331,317.52,-0.0405674610764125,5.77,21919.004
2025-06-16 12:13:00,162825780.785282,2730348.11424944,-30.035,-27,-498.13,-283.6,0.011535078171976,-4.4,21918.177
2025-06-16 12:14:00,159525561.877359,2772714.56808754,12.0607142857143,30,236.922811904762,267.35,0.0307711919540477,4.89,21917.787
2025-06-16 12:15:00,159710345.791453,2646108.2590196,2.705,3,60.72955,55.53,-0.00950513352105959,0.83,21913.332
2025-06-16 12:16:00,158997781.215508,2840539.79949472,-14.7345238095238,-13,-201.316726190476,-95.8,0.00140719578140953,-1.67,21919.375
2025-06-16 12:17:00,161874599.337821,2893480.12104576,-1.40311827956989,-2,11.3222860215054,-36.12,0.0104142732763413,-0.56,21921.418
2025-06-16 12:18:00,165343720.331196,2855289.05931871,3.64666666666666,7,6.8166,13.65,0.0021634792821385,0.29,21920.912
2025-06-16 12:19:00,166421608.501469,3137979.01373752,-14.9371428571429,-30,-113.810957142857,-258.04,-0.00133205860841026,-5.15,21929.065
2025-06-16 12:20:00,163540083.308891,3332732.36480315,11.7026190476191,61,322.853702380952,462.9,-0.0341041782544172,7.23,21933.766
2025-06-16 12:21:00,166489368.170866,3256738.49763458,-11.9952380952381,-6,-133.709285714286,-108,-0.0126956433337782,-1.97,21934.619
2025-06-16 12:23:00,167226004.980519,3369207.0818851,-6.59666666666667,-15,-136.367833333333,-284,0.0427962391978693,-5.05,21935.73
2025-06-16 12:24:00,167272069.266966,3377453.83352869,-1.99642857142857,-2,-61.1318571428571,-39.33,0.00500014939328633,-0.61,21937.132
2025-06-16 12:25:00,162517263.936571,3641136.96865102,15.3357142857143,26,835.835619047618,819.62,0.0262514086740954,10.75,21940.501
2025-06-16 12:26:00,168704554.379521,3778249.48170153,1.1167290886392,5,-111.407850187266,-6.93000000000001,-0.000779614430693408,0.520000000000001,21948.277
2025-06-16 12:27:00,168368943.165776,3675167.67746202,47.3074404761905,31,1326.72703273809,754.93,0.103743162180057,12.67,21943.332
2025-06-16 12:28:00,168751261.844921,3750972.77456241,-3.52277992277992,-3,-154.105673745174,119.35,-0.0269690862446291,2.41,21946.142
2025-06-16 12:29:00,169032122.197498,4222876.40401195,29.9936206261492,30,540.921654690795,510.93,0.0618249110209762,9.11,21959.162
2025-06-16 12:30:00,170570841.891262,4265033.55431172,30.5960084033613,0,84.6472857142855,-57.05,0.000737019477408403,-0.75,21956.026
2025-06-16 12:31:00,169876048.126499,4472573.04569806,-0.28055962476688,1,80.987311162957,-96.36,0.0231386064913424,0.16,21962.824
2025-06-16 12:32:00,170429911.311823,4320641.86466637,-11.9765786629613,-10,-82.5675260151305,-92.5,0.0135080591030599,-1.64,21958.681
2025-06-16 12:33:00,166876826.771289,4388501.43326939,-0.42751287896216,-3,54.1030649211229,109.31,0.0175237280485298,-0.16,21956.277
2025-06-16 12:34:00,168874139.571772,4170187.39725672,9.49194139194139,18,233.820307692307,411.68,-0.013694526834283,6.96,21951.036
2025-06-16 12:35:00,171080763.32529,4304313.67126642,-8.0204761904762,-11,-184.2121,-151.86,0.00701934231902306,-3.01,21956.539
2025-06-16 12:36:00,171541038.56467,4259332.06746416,-14.2720634920635,-7,-296.190250793651,-132.94,0.00901208297942172,-2.45,21954.092
2025-06-16 12:37:00,170899245.752707,4345181.58004214,-4.61,-5,-22.7568,-20.48,0.00672472211292869,-0.4,21953.657
2025-06-16 12:38:00,169471060.293834,4218362.825729,-5.35047619047619,-3,-21.1753714285714,-19.72,0.003056732618374,-0.43,21950.846
2025-06-16 12:39:00,171430995.474623,4243263.62772848,-6.28571428571429,-10,-13.9542857142857,-22.2,0.0113736956583512,-0.4,21950.159
2025-06-16 12:40:00,169782357.794125,4231069.03595365,-9.64126984126988,-4,-73.9181269841273,-49.55,-0.0100091657624934,-1.12,21948.941
2025-06-16 12:41:00,172991934.418542,4409026.97080597,-2.10317460317458,-6,27.8980158730162,28.6,-0.0734363756769024,-0.32,21952.427
2025-06-16 12:42:00,167580621.298755,4597987.77812804,0.0517857142857133,2,7.68382142857141,26.46,-0.00522415138806493,0.52,21953.977
2025-06-16 12:43:00,168017443.908003,4484967.49589256,-3.79761904761905,2,-42.8214285714286,-18.35,0.00233053300913028,-0.39,21951.436
2025-06-16 12:44:00,167221039.468456,4246150.59568473,2.94047619047619,9,30.9833333333333,103.25,-0.013081200852415,2.12,21946.026
2025-06-16 12:45:00,166484043.613745,4284570.13977487,3.04285714285714,5,-13.3320476190476,6.47,0.0155351724150546,0.49,21947.706
2025-06-16 12:46:00,166792091.190161,4083633.1136921,10.7333333333333,4,106.544666666667,86.48,0.0183290189781564,1.8,21942.383
2025-06-16 12:47:00,166843923.180872,4152336.10035626,9.2452380952381,1,-4.74288095238093,4.23,-0.00136594502393401,0.08,21944.318
2025-06-16 12:49:00,168423957.49713,4132692.28618404,-5.54588744588745,-10,-82.4780735930736,-154.58,-0.000512275972877302,-2.85,21946.649
2025-06-16 12:50:00,167813659.642163,4229183.22721188,-0.640297092288246,2,27.5155015802781,4.82,0.0055267067772106,0.12,21947.699
2025-06-16 12:51:00,171996571.745411,4203285.8688021,-15.4625,-13,-148.623458333333,-117.61,0.0382413302279847,-2.47,21948.247
2025-06-16 12:52:00,173189034.188389,4356491.84429254,-3.76666666666665,-13,-90.8311428571428,-142,-0.0415819219499297,-3.61,21951.543
2025-06-16 12:53:00,165441889.455136,4106270.9706717,62.3009523809525,57,429.935780952382,430.37,0.147768576504727,10.95,21943.447
2025-06-16 12:54:00,166924939.062192,4151018.503595,7.84166666666665,-27,35.3981666666665,-180.68,-0.0947068110284263,-5.21,21945.04
2025-06-16 12:55:00,165567112.028367,3891527.37574174,20.3205357142857,22,203.440032738095,209.82,0.00890303741977303,4.88,21936.9
2025-06-16 12:56:00,163064453.822713,3619374.38824662,-0.0962820512820328,-16,-27.6396141025639,-362.2,-0.0364321164209335,-6.63,21933.39
2025-06-16 12:57:00,165812459.353143,3633355.79796281,17.2371428571429,16,113.666971428571,164.32,0.0427706008099146,4.33,21932.275
2025-06-16 12:58:00,162338856.48943,3255364.53494813,14.8222222222222,-14,195.366,-99.81,-0.187001537997353,-3.72,21924.182
2025-06-16 12:59:00,168661177.173127,2997621.83527795,-8.57936507936509,-20,-215.52380952381,-349.5,0.0423955825650025,-6.73,21920.294
2025-06-16 13:00:00,166284546.158072,3282465.42356117,3.76468253968254,-2,40.9479444444445,25.76,-0.00313897360192358,0.43,21924.898
2025-06-16 13:01:00,162457885.74441,3416619.13498135,5.52857142857142,-3,-67.0080476190477,-57.95,0.0368129543237969,-0.439999999999999,21927.171
2025-06-16 13:02:00,170184115.177957,3602372.39050712,0.79761904761908,-40,-8.27519047619037,-147.54,-0.0902745886481134,-4.51,21931.665
2025-06-16 13:03:00,170355599.726429,3591262.33674243,8.37460317460317,9,-28.7926031746032,-26.97,0.020719328598171,-0.52,21931.234
2025-06-16 13:04:00,169829242.668576,3763881.50019852,-1.33,-6,-11.6442333333333,-51.23,-0.0144161002544852,-1.32,21935.253
2025-06-16 13:05:00,171232576.458086,3880092.38708188,-0.4,-1,-1.28,-5.8,0.00557798622116481,-0.12,21936.959
2025-06-16 13:06:00,168457764.20035,4017288.64621844,3.15833333333333,-6,42.3554166666666,-80.4,-0.035049655406576,-1.86,21938.879
2025-06-16 13:07:00,165373576.012752,4016996.94323941,18.9857142857143,10,307.896857142858,98.2,0.0541106806906122,2.3,21938.068
2025-06-16 13:08:00,164590753.38639,3943581.81143143,2.06083333333333,-1,-13.0930166666666,20.53,0.00285484863967811,0.52,21935.55
2025-06-16 13:09:00,164070395.480955,3656113.83574273,8.15,12,195.4255,351.7,-0.0359751603674905,6.46,21930.427
2025-06-16 13:10:00,164593375.429514,3638481.62301657,1.78333333333333,3,9.57249999999998,35.55,-0.00278224871013329,0.89,21930.434
2025-06-16 13:11:00,168466051.094447,3740354.68490817,-10.1571428571428,0,-24.3702857142857,0,0,0,21930.816
2025-06-16 13:12:00,166195142.524085,3495285.32488962,-0.940363636363627,-20,-47.1119927272727,-118.34,-0.0576922442763208,-3.09,21927.894
2025-06-16 13:13:00,170147432.846493,3458276.0527911,2.14,-1,11.0472,22.68,-0.0236519824230424,0.36,21927.351
2025-06-16 13:14:00,172140138.429715,3643072.07355778,-1.29555555555556,-2,-8.34297777777785,-15.76,0.00450473529818394,-0.33,21930.868
2025-06-16 13:15:00,173214570.944818,3973637.07025678,5.59,3,4.14589999999999,2.94,0.0181440316155203,0.22,21935.451
2025-06-16 13:16:00,169374097.485402,3942140.28840989,-8.00000000000001,-10,-126.4,-158,-0.0463612106678442,-4.1,21935.097
2025-06-16 13:17:00,164903617.383239,3796003.91235663,-7.67027777777777,-1,-80.814625,-81.32,0.00576167217934917,-1.56,21932.343
2025-06-16 13:18:00,165747438.286102,3888018.41228247,-4.16000000000001,-1,-31.4262,-3.2,-0.00350082794624232,-0.12,21932.611
2025-06-16 13:19:00,166322520.354224,3572839.21126605,-7.22666666666666,-14,-85.7042999999998,-112.15,-0.004633877444097,-2.45,21929.253
2025-06-16 13:20:00,166517731.659728,3678073.60111836,0.0311111111111124,0,-11.8298666666666,0,0,0,21929.23
2025-06-16 13:21:00,163325706.348342,3251734.013343,-7.39333333333333,-40,-390.387866666666,-302.56,-0.0952456191144683,-8.4,21922.246
2025-06-16 13:22:00,171106005.518379,3446085.80717403,2.7125,-3,-45.610875,-50.49,0.010431676421704,-0.96,21926.783
2025-06-16 13:23:00,168866744.783756,3728963.74820348,1.2,-4,3.66,-12.2,-0.0136840127196002,-0.44,21930.863
2025-06-16 13:24:00,169366169.883635,4021215.77205011,-5.43333333333333,-6,-152.597333333333,-191.58,0.0361422985532163,-3.69,21936.145
2025-06-16 13:25:00,167620732.855306,4332664.2927806,1.93055555555555,4,-19.4791666666667,1.4,0.018766850870287,0.44,21939.386
2025-06-16 13:26:00,166946603.442615,3968279.00522867,24.9288888888889,20,370.770377777778,270.89,0.0649325844447266,6.73,21932.906
2025-06-16 13:27:00,168255114.563702,4144805.32925259,10.0416666666667,9,74.40375,83.4,0.0360362494553049,2.23,21934.048
2025-06-16 13:28:00,165305810.672085,4142474.78100208,1.045,4,17.8576,70.52,0.0101825551374214,1.63,21936.327
2025-06-16 13:29:00,167465558.853523,4140374.77486968,-0.0701754385964912,2,8.02456140350878,31.4,-0.00488508448513144,0.61,21934.66
2025-06-16 13:30:00,169073824.800131,3997972.27030963,3.63412457912458,2,70.7426602693602,129.1,-0.0333100697642085,2.44,21930.373
2025-06-16 13:31:00,164482368.467794,3524892.23253122,2.86714285714285,-12,27.5671238095238,3.76,0.00583623394812091,-0.0199999999999999,21925.647
2025-06-16 13:32:00,164073505.4774,3322481.07656631,-9.2056277056277,-17,-31.6922294372294,-61.5,-0.00907822930460626,-1.74,21921.975
2025-06-16 13:33:00,170279279.232544,3425057.85762263,3.02857142857144,-17,1.24285714285716,-44.9,-0.0600097101775333,-1.72,21924.598
2025-06-16 13:34:00,168550026.279454,3595920.57278569,3.59523809523809,-8,1.32933333333333,-12.43,-0.00821007646154568,-0.4,21926.076
2025-06-16 13:35:00,164366356.732606,3316373.86749205,-2.45111111111111,7,11.6226,-48.23,-0.0910070084140072,-2.19,21920.864
2025-06-16 13:36:00,162532941.296398,3138826.53129617,-10.4682910547397,-24,-346.282226301736,-559.7,0.0356454864522022,-10.99,21920.087
2025-06-16 13:37:00,161771717.407002,3231579.30029037,-10.1785714285714,-37,-2.49107142857143,-203.35,-0.108515832037465,-6.54,21920.614
2025-06-16 13:38:00,165784376.288076,3371016.98997048,-7.16666666666667,-11,1.94166666666666,-10.7,-0.00377628813960195,-0.29,21921.96
2025-06-16 13:39:00,165842916.888678,3182041.847552,-3.71532846715329,-4,-24.5264720194647,-58.7,-0.00543753691661695,-1.36,21919.766
2025-06-16 13:40:00,165312204.814075,3268146.3530467,-1.90946428571429,-8,-72.2146678571429,-165.28,-0.0373933234307799,-3.07,21919.613
2025-06-16 13:41:00,164893733.647827,3453062.60444318,25.9448979591837,4,136.469224489796,64.73,0.0183432624132982,1.15,21922.274
2025-06-16 13:42:00,165463496.902543,3579368.63695429,-8.57142857142857,-12,-3.91142857142857,-4.7,0.00493843834777615,-0.06,21922.988
2025-06-16 13:43:00,166770354.35959,3504151.97169677,-5.25488612836439,-8,13.1874596273292,-5.7,0.0138135334869259,0.0700000000000001,21921.283
2025-06-16 13:44:00,164741259.224787,3363857.85945237,-0.666666666666666,-1,-0.799999999999999,-8.8,-0.0137948027043522,-0.36,21920.687
2025-06-16 13:45:00,168481842.056246,2820320.63530819,-12.8915626421266,-34,-386.154525007016,-23,-0.0701736267364542,-5.23,21912.125
2025-06-16 13:46:00,163444273.564466,2955737.33020064,2.12666666666667,8,23.6908761904762,36.79,0.000177977578127559,1.08,21913.294
2025-06-16 13:47:00,163105052.231466,2824441.9835941,4.25333333333334,15,111.9436,190.76,0.224659900969949,7.41,21911.85
2025-06-16 13:49:00,171158567.081423,2665894.30179938,-3.19761904761905,-5,-45.8021904761905,-27.28,-0.0449557839248646,-0.8,21908.389
2025-06-16 13:50:00,169815024.760142,2398617.54681609,15.9424242424242,54,58.1908484848485,216.95,-0.0482335002994816,6.21,21904.781
2025-06-16 13:51:00,164009026.638415,2553967.58746146,34.1357142857142,51,466.337666666665,442.94,-0.0526520667351455,11.27,21905.291
2025-06-16 13:52:00,164861614.897342,2401603.31727138,-26.5642296918768,-31,-264.882194957983,-424.32,0.0677250397628777,-10.57,21906.34
2025-06-16 13:53:00,167696770.717617,2737806.45164426,0.335714285714288,-4,8.16300000000004,-62.47,-0.0601558086055039,-1.68,21911.564
2025-06-16 13:54:00,173256879.294554,3048022.76278223,-3.18214285714286,-5,-40.1972857142857,-106.68,0.0103213424853405,-2.61,21917.881
2025-06-16 13:55:00,173384140.786088,3571239.26604527,-18.7915144245944,-51,-120.478668966606,-310.69,-0.0819334786041308,-8.14,21925.597
2025-06-16 13:56:00,174300251.006248,3792909.6522816,-39.06,-36,-45.0627,-57.45,0.0111272217528195,-1.73,21927.578
2025-06-16 13:57:00,170967676.726566,3948850.1123091,-40.5083408459582,-18,-29.5241831834472,-199.99,-0.0093570263740597,-5.03,21931.595
2025-06-16 13:58:00,165090418.44881,4129365.98379308,5.90833333333334,0,93.3308333333334,67.05,0.0182978405340053,1.8,21933.691
2025-06-16 13:59:00,169942149.282818,4245789.6141564,-28.9605836849508,-2,-94.3317088607594,88.5,-0.00206714977537861,2.13,21932.15
2025-06-16 14:00:00,171070755.685526,3784287.66602645,13.8714285714286,10,-6.13891666666666,-26.15,0.0145418194543324,-0.8,21928.11
2025-06-16 14:01:00,167018361.004617,3871676.53669606,1.35320098304473,1,165.177199226641,40.8,0.025431869311227,1.26,21929.14
2025-06-16 14:02:00,165277422.841516,3905618.41297207,-2.25,-4,-9.15549999999999,-21.67,0.0130426930200173,-0.66,21928.487
2025-06-16 14:03:00,165470134.569517,3655506.26792446,8.14,9,97.5292,99.58,-0.0129353550703979,2.74,21923.586
2025-06-16 14:04:00,176002469.836891,3496451.45310465,-9.52666666666667,-11,-9.70193333333334,35.58,-0.110027212625054,0.98,21921.914
2025-06-16 14:05:00,165711704.981714,3575447.58910514,3.9788888888889,-3,42.7656333333333,54.98,-0.0272671284308533,1.38,21922.008
2025-06-16 14:06:00,164434503.737481,3455921.10758826,4.91272598597439,3,64.2024287460593,13.2,-0.00873580330984478,0.41,21921.138
2025-06-16 14:07:00,166770624.710153,3547120.47085151,-3.15494071146245,5,-660.960105401844,-834.2,-0.0184730127743311,-1.94,21920.315
2025-06-16 14:08:00,166306266.239256,3426349.48595673,-4.26071428571429,-11,-10.4947142857143,-19.37,0.0147100567655165,-0.66,21918.319
2025-06-16 14:09:00,163097626.92414,2967016.88042311,5.35142857142856,-6,2254.89614285714,2920.85,-0.0251879517262096,7.23,21912.403
2025-06-16 14:10:00,163171633.439231,2705162.81354702,22.3642857142857,25,48.0691904761903,127.72,0.0527606233910163,3.49,21906.587
2025-06-16 14:11:00,162905088.935121,2441916.77706604,23.8380952380952,24,29.9948571428572,32.34,0.0567099880727888,1.11,21904.313
2025-06-16 14:12:00,170517308.618614,2414196.35958175,-1.45333333333333,-7,39.3379904761905,81.2,0.0267979739917366,2,21904.423
2025-06-16 14:13:00,172923396.245512,2957041.3007311,-4.26614140804085,-16,2084.02188750863,-2104.09,0.0113836574358457,-6.8,21914.305
2025-06-16 14:14:00,164988877.854746,3501211.07839485,8.88888888888888,12,347.9375,373.95,0.0520590385288254,8.16,21919.602
2025-06-16 14:15:00,164440342.206363,3148530.34193871,2.93121212121212,11,84.8407787878788,245.19,0.00936526398550688,6.03,21913.142
2025-06-16 14:16:00,168832207.926557,3393772.6798037,-16.5271111111111,-14,-13.7570399999999,-137.61,0.0209145339439449,-3.23,21920.339
2025-06-16 14:17:00,165743835.843187,3554587.62006511,16.6070562770563,20,224.049259307359,143.85,0.0324181959866923,3.72,21919.528
2025-06-16 14:18:00,167034830.140011,3231959.94860392,3.04341736694678,17,26.9727591036415,105.75,-0.0549113311826968,3.48,21914.673
2025-06-16 14:19:00,162769164.403486,3021827.29430568,0.4,-1,0.26,-0.65,-0.0028212783010406,-0.04,21913.94
2025-06-16 14:20:00,172224763.969606,2719034.21220728,-3.7030303030303,-7,-17.4814848484848,-40.94,-0.00134003163225836,-1.34,21909.355
2025-06-16 14:21:00,172297741.004985,4094784.92259009,-43.0281428571429,-67,-709.046098095238,-850.92,-0.0640015629467204,-21.27,21935.027
2025-06-16 14:22:00,173507810.395655,4266930.68139734,1.92259265125119,-7,25.6217088216662,-198.48,-0.0242176625390578,-4.42,21934.814
2025-06-16 14:23:00,168162059.973505,4577135.0839947,8.17123866232778,6,192.539815827737,62.9,0.0078990984337524,2.7,21936.621
2025-06-16 14:24:00,172332914.685873,4222686.68938152,5.01578507928242,7,35.2185913268912,30.5,0.0340428918290485,1.13,21931.585
2025-06-16 14:25:00,175303913.41056,3987669.87306309,-13.5192307692308,-7,-5.55192307692309,4.8,0.0300753114946318,0.22,21927.518
2025-06-16 14:26:00,175036916.836821,4251015.01641226,-2.55195762939126,2,9.83999222311613,48.31,-0.0210220918052584,1.81,21932.16
2025-06-16 14:27:00,166767380.046661,4571005.79241122,-5.30833333333334,-13,87.8460833333334,34.97,0.0731239138115342,1.26,21934.051
2025-06-16 14:28:00,165524222.347366,4319349.62661165,-0.824408602150543,3,78.4043731182795,84.67,0.0411798561773261,1.33,21930.521
2025-06-16 14:29:00,164597935.489549,3775253.7853302,3.79166666666666,0,2.19999999999999,-12.4,0.00297184233371586,-0.52,21927.016
2025-06-16 14:31:00,168000207.955511,3561685.07554979,7.09132472137792,-3,802.900482142858,899.61,-0.0396203016355385,4.63,21921.513
2025-06-16 14:33:00,172296497.514127,3360719.4589842,-0.817342173069304,-45,-283.7711477508,-126.05,-0.134724396987754,-4.3,21918.039
2025-06-16 14:35:00,174833181.874602,3248917.13119708,6.96904761904762,2,4.63866666666667,-58.08,-0.0024529195488361,-2.14,21916.631
2025-06-16 14:37:00,169117943.653377,3823193.64001133,15.6863618915015,48,-54.953858392215,-162.87,0.00760298845547929,-1.53,21924.823
2025-06-16 14:39:00,164690202.826716,3564628.05838151,-18.9849783549784,-23,76.492624242424,-32.93,0.0646413843175203,-0.77,21921.523
2025-06-16 14:41:00,175348278.532965,3457401.47058656,-7.5342214431785,-12,59.3966519427402,-90.38,0.0356384892235699,-3.26,21920.225
2025-06-16 14:44:00,164711178.755207,3610336.94909827,11.7210547337809,-13,60.3308580987687,331.46,-0.252120733285764,6.11,21920.453
2025-06-16 14:46:00,167803476.38463,4263687.28447541,0.856689522815776,-14,171.445459084388,-2401.53,0.034801714951356,-8.91,21930.215
2025-06-16 14:49:00,166603911.907527,4705718.63192753,-2.91948196425698,24,-71.2959864401019,-12.65,0.00979938444790599,2.26,21934.773
2025-06-16 14:52:00,172904080.501085,2968367.4012462,-25.6748318504657,-71,845.400606671262,-484.45,0.16039508939461,-15.98,21917.992
2025-06-16 14:56:00,187405072.097906,5261467.49931934,59.8234374422931,35,-211.86317249324,-911.52,0.401961219059194,3.23,21933.187
2025-06-16 15:00:00,181454791.700838,7839116.31019454,-145.138705882353,-133,-1899.86546732026,-1359.37,1.20239781891576,-18.7,21937.568
2025-06-16 15:04:00,176126114.933428,7657416.8411072,0,0,0,0,0,0,21937.568
2025-06-16 15:07:00,182086661.233974,7483935.5980202,0,0,0,0,0,0,21937.568
